Filière,Produit,Production_Tonnes,year
agrumes,Citron,93176.72,2011
agrumes,Orange Autres,25951.9,2011
agrumes,Orange Navel Lane Late,21384.2,2011
agrumes,Orange Navel Late,5659.54,2011
agrumes,Orange Navelina,666.9,2011
agrumes,Orange Salustiana,33260.48,2011
agrumes,Orange Washignton Sanguine,56247.19,2011
agrumes,Pamplemousse,689.45,2011
agrumes,Petit Fruit Autres,49897.91,2011
agrumes,Petit Fruit Fortune,551.0,2011
agrumes,Petit Fruit Nador Cott,30060.0,2011
agrumes,Petit Fruit Nour,121053.6,2011
agrumes,Petit Fruit Nova,13610.93,2011
agrumes,Petit Fruit Nules,79966.35,2011
agrumes,Petit Fruit Ortanique,17236.35,2011
amandiers,Amandier,101381.76,2011
céréales,Autres Céréales,2740.0,2011
céréales,Avoine,36764.98,2011
céréales,Riz,17840.0,2011
céréales,Sorgho,7914.99999999999,2011
fourragères,Avoine Vert,111613.1,2011
fourragères,Lupin,89630.0,2011
fourragères,Pois Fourrager,75800.0,2011
fourragères,Triticale,12174.0,2011
industrielles,Coriandre Récoltée,4493.4,2011
industrielles,Cornichon,2.7,2011
industrielles,Câprier,19490.0,2011
industrielles,Henné,10038.0,2011
industrielles,Piment De Cayenne,14.0,2011
industrielles,Rosier,231.0,2011
industrielles,Safran,4.89999999999999,2011
industrielles,Sorgho A Balais,372.0,2011
légumineuses,Autres Légumineuses,31175.9,2011
légumineuses,Fève,170552.95,2011
légumineuses,Féverole,18500.0,2011
légumineuses,Lentille,45438.7,2011
légumineuses,Orobe,6498.0,2011
légumineuses,Petit Pois,39788.25,2011
légumineuses,Pois Chiche,45734.0,2011
maraîchage,Ail,22376.0,2011
maraîchage,Artichaut,43137.0,2011
maraîchage,Asperge,0.0,2011
maraîchage,Aubergine,34823.5932975139,2011
maraîchage,Betterave Potager,5713.0,2011
maraîchage,Choux Fleur,104569.126491212,2011
maraîchage,Choux Pomme,10341.0,2011
maraîchage,Concombre,51223.7587733358,2011
maraîchage,Fraisier,110716.158910846,2011
maraîchage,Framboise,4133.00799999999,2011
maraîchage,Fève Verte,106147.9,2011
maraîchage,Haricot Vert,120611.773040707,2011
maraîchage,Menthe,55319.0,2011
maraîchage,Myrtille,3008.62899999999,2011
maraîchage,Navet,162184.996476373,2011
maraîchage,Niora,31953.0,2011
maraîchage,Oignon Vert,2864.0,2011
maraîchage,Patate Douce,17582.0,2011
maraîchage,Petit Pois Vert,160136.246052272,2011
maraîchage,Piment Poivron,143128.277570349,2011
oléagineuses,Arachide,39710.0,2011
oléagineuses,Sésame,1137.0,2011
oléagineuses,Tournesol,48131.2,2011
palmiers-dattiers,Palmier Dattier,102961.76,2011
rosacées,Abricotier,159124.0,2011
rosacées,Autres Plantations Fruitières,47693.23,2011
rosacées,Avocatier,33519.0,2011
rosacées,Caroubier,1943.0,2011
rosacées,Cerisier,8210.0,2011
rosacées,Cognassier,31994.25,2011
rosacées,Figuier,114769.674511637,2011
rosacées,Grenadier,83081.0,2011
rosacées,Noyer,9339.1,2011
rosacées,Néflier,4563.0,2011
rosacées,Pacanier,369.0,2011
rosacées,Pistachier,101.6,2011
rosacées,Poirier,36177.0,2011
rosacées,Prunier,64767.6524915969,2011
rosacées,Pêcher Nectarine,74771.0,2011
vignes,Raisin De Cuve,89033.33002,2011
vignes,Raisin De Table,203780.459007238,2011
agrumes,Autres Agrumes,5584.15,2012
agrumes,Citron,27278.12,2012
agrumes,Orange Autres,31602.6,2012
agrumes,Orange Navel Lane Late,24543.5,2012
agrumes,Orange Navel Late,4459.0,2012
agrumes,Orange Navelina,387.0,2012
agrumes,Orange Salustiana,31836.88,2012
agrumes,Orange Washignton Sanguine,57875.2,2012
agrumes,Pamplemousse,846.0,2012
agrumes,Petit Fruit Autres,35469.1,2012
agrumes,Petit Fruit Fortune,1387.0,2012
agrumes,Petit Fruit Nador Cott,59280.0,2012
agrumes,Petit Fruit Nour,99119.6,2012
agrumes,Petit Fruit Nova,16022.52,2012
agrumes,Petit Fruit Nules,100647.82,2012
agrumes,Petit Fruit Ortanique,15875.77,2012
amandiers,Amandier,100197.3,2012
céréales,Autres Céréales,223.2,2012
céréales,Avoine,56057.0,2012
céréales,Mais,79721.4,2012
céréales,Riz,45554.4,2012
céréales,Sorgho,5780.0,2012
fourragères,Lupin,50031.0,2012
fourragères,Pois Fourrager,77989.0,2012
fourragères,Sorgho Fourrager,3900.0,2012
fourragères,Triticale,11764.0,2012
fourragères,Vesce Avoine,180259.5,2012
industrielles,Coriandre Récoltée,2574.0,2012
industrielles,Câprier,31700.0,2012
industrielles,Henné,1950.0,2012
industrielles,Safran,4.7,2012
industrielles,Tabac,580.0,2012
légumineuses,Autres Légumineuses,36108.15,2012
légumineuses,Fève,145050.2,2012
légumineuses,Féverole,11936.7,2012
légumineuses,Lentille,21414.7,2012
légumineuses,Orobe,1702.0,2012
légumineuses,Petit Pois,29072.2,2012
légumineuses,Pois Chiche,25912.6,2012
maraîchage,Ail,5294.0,2012
maraîchage,Artichaut,63889.0,2012
maraîchage,Asperge,0.0,2012
maraîchage,Aubergine,50147.0,2012
maraîchage,Betterave Potager,34811.0,2012
maraîchage,Choux Fleur,61066.0,2012
maraîchage,Choux Pomme,112169.0,2012
maraîchage,Concombre,55334.5,2012
maraîchage,Fraisier,139682.8,2012
maraîchage,Framboise,4043.0871684796,2012
maraîchage,Fève Verte,117736.0,2012
maraîchage,Haricot Vert,133744.0,2012
maraîchage,Menthe,99005.5,2012
maraîchage,Myrtille,2972.14988088832,2012
maraîchage,Navet,131708.0,2012
maraîchage,Niora,34850.0,2012
maraîchage,Oignon Vert,3043.0,2012
maraîchage,Patate Douce,25941.0,2012
maraîchage,Petit Pois Vert,131325.0,2012
maraîchage,Piment Poivron,180591.4,2012
oléagineuses,Arachide,36347.9999999998,2012
oléagineuses,Sésame,1610.0,2012
oléagineuses,Tournesol,16722.4,2012
palmiers-dattiers,Palmier Dattier,101862.38,2012
rosacées,Abricotier,122381.6,2012
rosacées,Autres Plantations Fruitières,46272.72,2012
rosacées,Avocatier,5434.0,2012
rosacées,Caroubier,1137.0,2012
rosacées,Cerisier,7196.4,2012
rosacées,Cognassier,45804.0,2012
rosacées,Figuier,102694.72,2012
rosacées,Grenadier,76032.15,2012
rosacées,Noyer,8319.0,2012
rosacées,Néflier,8681.5,2012
rosacées,Pacanier,64.0,2012
rosacées,Pistachier,104.0,2012
rosacées,Poirier,29790.6,2012
rosacées,Prunier,75223.3060024282,2012
rosacées,Pêcher Nectarine,70395.78,2012
vignes,Raisin De Cuve,83952.64232,2012
vignes,Raisin De Table,193158.92901132,2012
agrumes,Autres Agrumes,10901.28,2013
agrumes,Citron,26941.79,2013
agrumes,Orange Autres,37232.7,2013
agrumes,Orange Navel Lane Late,11069.125,2013
agrumes,Orange Navel Late,2130.2,2013
agrumes,Orange Navelina,114.825,2013
agrumes,Orange Salustiana,19226.14,2013
agrumes,Orange Washignton Sanguine,56246.88,2013
agrumes,Pamplemousse,120.0,2013
agrumes,Petit Fruit Autres,43961.4432258064,2013
agrumes,Petit Fruit Fortune,864.0,2013
agrumes,Petit Fruit Nador Cott,59806.0,2013
agrumes,Petit Fruit Nour,95309.6,2013
agrumes,Petit Fruit Nova,7679.13333333333,2013
agrumes,Petit Fruit Nules,59739.4244657534,2013
agrumes,Petit Fruit Ortanique,8309.2,2013
amandiers,Amandier,93310.29,2013
céréales,Avoine,46331.33,2013
céréales,Mais,118135.85,2013
céréales,Riz,37716.2999999999,2013
céréales,Sorgho,4840.0,2013
fourragères,Lupin,35244.0,2013
fourragères,Pois Fourrager,71035.0,2013
fourragères,Sorgho Fourrager,32515.0,2013
fourragères,Triticale,1806.6,2013
fourragères,Vesce Avoine,170775.0,2013
industrielles,Autres Cultures Industrielles,64.0,2013
industrielles,Coriandre Récoltée,400.0,2013
industrielles,Câprier,28400.0,2013
industrielles,Henné,892.0,2013
industrielles,Safran,4.8,2013
industrielles,Sorgho A Balais,112.0,2013
industrielles,Tabac,360.0,2013
légumineuses,Autres Légumineuses,30282.675,2013
légumineuses,Fève,153387.93,2013
légumineuses,Lentille,42948.8499999999,2013
légumineuses,Orobe,1360.0,2013
légumineuses,Petit Pois,36328.4,2013
légumineuses,Pois Chiche,24923.8,2013
maraîchage,Ail,6784.0,2013
maraîchage,Artichaut,62073.6,2013
maraîchage,Asperge,0.0,2013
maraîchage,Aubergine,71976.6,2013
maraîchage,Betterave Potager,33686.5,2013
maraîchage,Choux Fleur,48162.0,2013
maraîchage,Choux Pomme,95426.0,2013
maraîchage,Concombre,48246.2,2013
maraîchage,Fraisier,145233.0,2013
maraîchage,Framboise,9901.59199999998,2013
maraîchage,Fève Verte,154415.0,2013
maraîchage,Haricot Vert,154663.0,2013
maraîchage,Menthe,87601.5,2013
maraîchage,Myrtille,4864.09710658217,2013
maraîchage,Navet,171286.6,2013
maraîchage,Niora,21181.0,2013
maraîchage,Oignon Vert,7422.3,2013
maraîchage,Patate Douce,26450.0,2013
maraîchage,Petit Pois Vert,125482.0,2013
maraîchage,Piment Poivron,179859.0,2013
oléagineuses,Arachide,38790.0,2013
oléagineuses,Sésame,375.0,2013
oléagineuses,Tournesol,18989.0,2013
palmiers-dattiers,Palmier Dattier,111924.0,2013
rosacées,Abricotier,100690.095,2013
rosacées,Autres Plantations Fruitières,58185.5,2013
rosacées,Avocatier,28079.5,2013
rosacées,Caroubier,3705.0,2013
rosacées,Cerisier,15199.4,2013
rosacées,Cognassier,45369.55,2013
rosacées,Figuier,112537.36139,2013
rosacées,Grenadier,122722.67,2013
rosacées,Noyer,14235.175,2013
rosacées,Néflier,6148.67,2013
rosacées,Pacanier,209.0,2013
rosacées,Pistachier,113.7,2013
rosacées,Poirier,43041.774,2013
rosacées,Prunier,109363.028371998,2013
rosacées,Pêcher Nectarine,76104.56,2013
vignes,Raisin De Cuve,109572.7274,2013
agrumes,Autres Agrumes,13260.62,2014
agrumes,Citron,26450.5885714286,2014
agrumes,Orange Autres,27276.65,2014
agrumes,Orange Navel Lane Late,14940.0,2014
agrumes,Orange Navel Late,7524.99999999999,2014
agrumes,Orange Navelina,246.0,2014
agrumes,Orange Salustiana,28587.0,2014
agrumes,Orange Washignton Sanguine,78182.62,2014
agrumes,Pamplemousse,475.0,2014
agrumes,Petit Fruit Autres,75335.76,2014
agrumes,Petit Fruit Fortune,1008.0,2014
agrumes,Petit Fruit Nador Cott,82984.0,2014
agrumes,Petit Fruit Nour,190753.90117647,2014
agrumes,Petit Fruit Nova,10802.5,2014
agrumes,Petit Fruit Nules,167272.333333333,2014
agrumes,Petit Fruit Ortanique,10605.38,2014
amandiers,Amandier,101025.38,2014
céréales,Autres Céréales,4852.4,2014
céréales,Avoine,36617.6,2014
céréales,Mais,97378.9,2014
céréales,Riz,33051.3,2014
céréales,Sorgho,4800.0,2014
fourragères,Autres Cultures Fourragères,92405.0,2014
fourragères,Lupin,32056.0,2014
fourragères,Mélange Fourrager,202625.0,2014
fourragères,Pois Fourrager,80586.0,2014
fourragères,Triticale,2560.0,2014
fourragères,Vesce Avoine,192653.0,2014
industrielles,Coriandre Récoltée,450.0,2014
industrielles,Câprier,26830.4,2014
industrielles,Henné,1200.0,2014
industrielles,Safran,5.0,2014
industrielles,Tabac,350.0,2014
légumineuses,Autres Légumineuses,32270.3,2014
légumineuses,Fève,166680.3,2014
légumineuses,Féverole,40398.0,2014
légumineuses,Lentille,30670.75,2014
légumineuses,Orobe,844.0,2014
légumineuses,Petit Pois,23416.5,2014
légumineuses,Pois Chiche,62499.4399999999,2014
maraîchage,Ail,7709.0,2014
maraîchage,Artichaut,55234.0,2014
maraîchage,Asperge,2488.0,2014
maraîchage,Aubergine,70291.0,2014
maraîchage,Betterave Potager,19701.0,2014
maraîchage,Choux Fleur,52113.0,2014
maraîchage,Choux Pomme,64462.0,2014
maraîchage,Concombre,55439.25,2014
maraîchage,Fraisier,137388.0,2014
maraîchage,Framboise,15700.86,2014
maraîchage,Fève Verte,157054.0,2014
maraîchage,Haricot Vert,148110.0,2014
maraîchage,Menthe,85119.5,2014
maraîchage,Myrtille,7709.67,2014
maraîchage,Navet,153516.0,2014
maraîchage,Niora,27854.0,2014
maraîchage,Oignon Vert,56663.0,2014
maraîchage,Patate Douce,16420.0,2014
maraîchage,Petit Pois Vert,97914.5,2014
maraîchage,Piment Poivron,165248.0,2014
oléagineuses,Arachide,38376.0,2014
oléagineuses,Sésame,498.0,2014
oléagineuses,Tournesol,27368.2,2014
palmiers-dattiers,Palmier Dattier,102201.0,2014
rosacées,Abricotier,90273.555,2014
rosacées,Autres Plantations Fruitières,52337.25,2014
rosacées,Avocatier,31895.5,2014
rosacées,Caroubier,4055.0,2014
rosacées,Cerisier,15523.6,2014
rosacées,Cognassier,45881.7,2014
rosacées,Figuier,126553.55724,2014
rosacées,Grenadier,121745.955,2014
rosacées,Noyer,12508.515,2014
rosacées,Néflier,5933.2,2014
rosacées,Pacanier,218.0,2014
rosacées,Pistachier,111.7,2014
rosacées,Poirier,39587.081,2014
rosacées,Prunier,92871.9017861934,2014
rosacées,Pêcher Nectarine,73802.01,2014
vignes,Raisin De Cuve,114286.7801,2014
agrumes,Autres Agrumes,4658.6,2015
agrumes,Citron,29592.75,2015
agrumes,Orange Autres,28777.928,2015
agrumes,Orange Navel Lane Late,14070.0,2015
agrumes,Orange Navel Late,8318.0,2015
agrumes,Orange Navelina,241.0,2015
agrumes,Orange Salustiana,25200.05,2015
agrumes,Orange Washignton Sanguine,70288.8999999999,2015
agrumes,Pamplemousse,346.275,2015
agrumes,Petit Fruit Autres,65147.8,2015
agrumes,Petit Fruit Fortune,1506.0,2015
agrumes,Petit Fruit Nador Cott,112111.0,2015
agrumes,Petit Fruit Nour,112354.115,2015
agrumes,Petit Fruit Nova,16017.08,2015
agrumes,Petit Fruit Nules,123250.3,2015
agrumes,Petit Fruit Ortanique,18549.2,2015
amandiers,Amandier,97722.95637,2015
céréales,Autres Céréales,12878.5,2015
céréales,Avoine,42088.64,2015
céréales,Mais,95031.65,2015
céréales,Riz,63297.5,2015
céréales,Sorgho,5302.0,2015
fourragères,Autres Cultures Fourragères,112261.0,2015
fourragères,Lupin,49628.0,2015
fourragères,Mélange Fourrager,174434.0,2015
fourragères,Pois Fourrager,100460.0,2015
fourragères,Sorgho Fourrager,110720.0,2015
fourragères,Triticale,2331.0,2015
fourragères,Vesce Avoine,120580.0,2015
industrielles,Autres Cultures Industrielles,3423.0,2015
industrielles,Coriandre Récoltée,3505.0,2015
industrielles,Cornichon,5.7,2015
industrielles,Câprier,35616.0,2015
industrielles,Henné,7673.0,2015
industrielles,Piment De Cayenne,28.0,2015
industrielles,Rosier,433.05,2015
industrielles,Safran,4.202,2015
industrielles,Tabac,1062.0,2015
légumineuses,Autres Légumineuses,26535.8,2015
légumineuses,Fève,90279.350472973,2015
légumineuses,Féverole,29911.6,2015
légumineuses,Lentille,50003.95,2015
légumineuses,Orobe,2132.4,2015
légumineuses,Petit Pois,34781.75,2015
légumineuses,Pois Chiche,65558.99,2015
maraîchage,Ail,7397.0,2015
maraîchage,Artichaut,50744.0,2015
maraîchage,Asperge,658.0,2015
maraîchage,Aubergine,56877.0,2015
maraîchage,Betterave Potager,18703.5,2015
maraîchage,Choux Fleur,45625.0,2015
maraîchage,Choux Pomme,50662.0,2015
maraîchage,Concombre,55478.5,2015
maraîchage,Courge Courgette,201226.9,2015
maraîchage,Fraisier,141100.36,2015
maraîchage,Framboise,16957.6869097877,2015
maraîchage,Fève Verte,157236.0,2015
maraîchage,Haricot Vert,145661.2,2015
maraîchage,Menthe,99869.0,2015
maraîchage,Myrtille,8723.52187028656,2015
maraîchage,Navet,150816.74,2015
maraîchage,Niora,28704.0,2015
maraîchage,Oignon Vert,57493.0,2015
maraîchage,Patate Douce,17861.0,2015
maraîchage,Petit Pois Vert,128151.0,2015
maraîchage,Piment Poivron,177329.7,2015
oléagineuses,Arachide,33710.0,2015
oléagineuses,Sésame,1082.0,2015
oléagineuses,Tournesol,52378.2,2015
palmiers-dattiers,Palmier Dattier,100376.325416167,2015
rosacées,Abricotier,103954.52,2015
rosacées,Autres Plantations Fruitières,49432.5,2015
rosacées,Avocatier,42732.0,2015
rosacées,Caroubier,60400.0,2015
rosacées,Cerisier,18728.6,2015
rosacées,Cognassier,47678.3,2015
rosacées,Figuier,150110.8248,2015
rosacées,Grenadier,131956.79,2015
rosacées,Noyer,16735.71,2015
rosacées,Néflier,5881.2,2015
rosacées,Pacanier,218.5,2015
rosacées,Pistachier,131.8,2015
rosacées,Poirier,45980.69,2015
rosacées,Prunier,123210.614166505,2015
rosacées,Pêcher Nectarine,91468.9,2015
vignes,Raisin De Cuve,125084.495,2015
agrumes,Autres Agrumes,11173.8298714987,2016
agrumes,Citron,36308.7781971292,2016
agrumes,Orange Autres,27980.7993149842,2016
agrumes,Orange Navel Lane Late,15125.0135202441,2016
agrumes,Orange Navel Late,5626.85328056178,2016
agrumes,Orange Navelina,283.394235871344,2016
agrumes,Orange Salustiana,22985.1135795768,2016
agrumes,Orange Washignton Sanguine,78994.6392354422,2016
agrumes,Pamplemousse,548.283334201423,2016
agrumes,Petit Fruit Autres,75539.116558574,2016
agrumes,Petit Fruit Fortune,916.982777497991,2016
agrumes,Petit Fruit Nador Cott,135478.638702838,2016
agrumes,Petit Fruit Nour,160064.385800579,2016
agrumes,Petit Fruit Nova,18134.3070745252,2016
agrumes,Petit Fruit Nules,123881.839290661,2016
agrumes,Petit Fruit Ortanique,20309.0862574994,2016
amandiers,Amandier,112680.53354807,2016
céréales,Autres Céréales,1148.0,2016
céréales,Avoine,15123.0,2016
céréales,Mais,128762.7,2016
céréales,Riz,53353.8,2016
céréales,Sorgho,1818.0,2016
fourragères,Autres Cultures Fourragères,35766.0,2016
fourragères,Lupin,32810.0,2016
fourragères,Mélange Fourrager,105837.0,2016
fourragères,Pois Fourrager,24860.0,2016
fourragères,Sorgho Fourrager,94010.5,2016
fourragères,Triticale,5347.5,2016
fourragères,Vesce Avoine,40670.0,2016
industrielles,Autres Cultures Industrielles,703.6,2016
industrielles,Cannabis,15000.0,2016
industrielles,Coriandre Récoltée,500.0,2016
industrielles,Câprier,34286.0,2016
industrielles,Henné,203.0,2016
industrielles,Piment De Cayenne,26.0,2016
industrielles,Rosier,642.56,2016
industrielles,Safran,4.206,2016
industrielles,Tabac,725.0,2016
légumineuses,Autres Légumineuses,17789.4,2016
légumineuses,Fève,26564.45,2016
légumineuses,Féverole,11846.7,2016
légumineuses,Lentille,2003.5,2016
légumineuses,Orobe,387.0,2016
légumineuses,Petit Pois,6342.75,2016
légumineuses,Pois Chiche,44062.47,2016
maraîchage,Ail,12562.0,2016
maraîchage,Artichaut,44144.0,2016
maraîchage,Asperge,370.0,2016
maraîchage,Aubergine,22720.5,2016
maraîchage,Autres Cultures Maraichères,177354.0,2016
maraîchage,Betterave Potager,19109.0,2016
maraîchage,Choux Fleur,60437.0,2016
maraîchage,Choux Pomme,36162.0,2016
maraîchage,Concombre,42383.0,2016
maraîchage,Courge Courgette,189256.0,2016
maraîchage,Fraisier,136856.0,2016
maraîchage,Framboise,18246.1340492705,2016
maraîchage,Fève Verte,116875.0,2016
maraîchage,Haricot Vert,141629.0,2016
maraîchage,Menthe,98453.0,2016
maraîchage,Myrtille,12169.9547511312,2016
maraîchage,Navet,116644.5,2016
maraîchage,Niora,23534.0,2016
maraîchage,Oignon Vert,58109.0,2016
maraîchage,Patate Douce,16061.0,2016
maraîchage,Petit Pois Vert,76131.5,2016
maraîchage,Piment Poivron,173642.5,2016
oléagineuses,Arachide,36412.0,2016
oléagineuses,Sésame,942.77,2016
oléagineuses,Tournesol,30156.68,2016
palmiers-dattiers,Palmier Dattier,125328.954668569,2016
rosacées,Abricotier,71155.6,2016
rosacées,Autres Plantations Fruitières,39895.0,2016
rosacées,Avocatier,42256.0,2016
rosacées,Caroubier,59025.0,2016
rosacées,Cerisier,8093.0,2016
rosacées,Cognassier,32087.2,2016
rosacées,Figuier,59881.15,2016
rosacées,Grenadier,86503.74,2016
rosacées,Noyer,10005.5,2016
rosacées,Néflier,5570.0,2016
rosacées,Pacanier,287.2,2016
rosacées,Pistachier,114.0,2016
rosacées,Poirier,27754.1,2016
rosacées,Prunier,123576.937733967,2016
rosacées,Pêcher Nectarine,95084.5,2016
vignes,Raisin De Cuve,76084.7,2016
agrumes,Autres Agrumes,6175.0,2017
agrumes,Citron,40114.2991403072,2017
agrumes,Orange Autres,24565.5666813301,2017
agrumes,Orange Navel Lane Late,23230.0,2017
agrumes,Orange Navel Late,9841.99999999999,2017
agrumes,Orange Navelina,385.408450704225,2017
agrumes,Orange Salustiana,23487.6510791366,2017
agrumes,Orange Washignton Sanguine,78561.2127495996,2017
agrumes,Pamplemousse,646.35,2017
agrumes,Petit Fruit Autres,83886.5217926263,2017
agrumes,Petit Fruit Fortune,1620.0,2017
agrumes,Petit Fruit Nador Cott,184219.0,2017
agrumes,Petit Fruit Nour,152803.26,2017
agrumes,Petit Fruit Nova,21370.583072,2017
agrumes,Petit Fruit Nules,166852.461870425,2017
agrumes,Petit Fruit Ortanique,20446.5193344102,2017
amandiers,Amandier,116923.464,2017
céréales,Autres Céréales,1748.0,2017
céréales,Avoine,34906.0,2017
céréales,Mais,122398.733,2017
céréales,Riz,57697.5,2017
céréales,Sorgho,3641.5,2017
fourragères,Autres Cultures Fourragères,62050.0,2017
fourragères,Lupin,30120.0,2017
fourragères,Mélange Fourrager,114385.0,2017
fourragères,Pois Fourrager,12400.0,2017
fourragères,Sorgho Fourrager,14250.0,2017
fourragères,Triticale,15950.2,2017
fourragères,Vesce Avoine,95720.0,2017
industrielles,Autres Cultures Industrielles,124.53,2017
industrielles,Cannabis,0.0,2017
industrielles,Coriandre Récoltée,11515.0,2017
industrielles,Câprier,34040.0,2017
industrielles,Henné,5100.0,2017
industrielles,Piment De Cayenne,26.0,2017
industrielles,Rosier,601.1,2017
industrielles,Safran,4.2,2017
industrielles,Sorgho A Balais,0.0,2017
industrielles,Tabac,580.0,2017
légumineuses,Autres Légumineuses,31636.38,2017
légumineuses,Fève,93399.71,2017
légumineuses,Féverole,47021.0,2017
légumineuses,Lentille,28162.57,2017
légumineuses,Orobe,887.0,2017
légumineuses,Petit Pois,25363.54,2017
légumineuses,Pois Chiche,43506.6,2017
maraîchage,Ail,13660.0,2017
maraîchage,Artichaut,45457.0,2017
maraîchage,Asperge,286.0,2017
maraîchage,Aubergine,52966.0,2017
maraîchage,Betterave Potager,17313.0,2017
maraîchage,Choux Fleur,52265.0,2017
maraîchage,Choux Pomme,51145.0,2017
maraîchage,Concombre,48735.0,2017
maraîchage,Courge Courgette,179518.5,2017
maraîchage,Fraisier,161793.4,2017
maraîchage,Framboise,24579.6469999999,2017
maraîchage,Fève Verte,105760.0,2017
maraîchage,Haricot Vert,169067.0,2017
maraîchage,Menthe,91658.0,2017
maraîchage,Myrtille,17241.54,2017
maraîchage,Mûrier,128.0,2017
maraîchage,Navet,121171.0,2017
maraîchage,Niora,28880.0,2017
maraîchage,Oignon Vert,69204.0,2017
maraîchage,Patate Douce,14239.0,2017
maraîchage,Petit Pois Vert,81249.0,2017
maraîchage,Piment Poivron,191096.0,2017
oléagineuses,Arachide,35733.0,2017
oléagineuses,Sésame,1000.0,2017
oléagineuses,Tournesol,23792.32,2017
palmiers-dattiers,Palmier Dattier,129561.675565161,2017
rosacées,Abricotier,112538.2,2017
rosacées,Autres Plantations Fruitières,38796.0,2017
rosacées,Avocatier,41695.34,2017
rosacées,Caroubier,58623.0,2017
rosacées,Cerisier,13405.7,2017
rosacées,Cognassier,45745.7,2017
rosacées,Figuier,137933.81875,2017
rosacées,Grenadier,140671.1,2017
rosacées,Noyer,12637.1,2017
rosacées,Néflier,5806.7,2017
rosacées,Pacanier,283.5,2017
rosacées,Pistachier,103.0,2017
rosacées,Poirier,34024.8,2017
rosacées,Prunier,179386.908848337,2017
rosacées,Pêcher Nectarine,138559.75,2017
vignes,Raisin De Cuve,91793.763,2017
agrumes,Autres Agrumes,6290.0,2018
agrumes,Citron,39686.8083235546,2018
agrumes,Orange Autres,27878.0774447694,2018
agrumes,Orange Navel Lane Late,23801.0,2018
agrumes,Orange Navel Late,10459.8006256394,2018
agrumes,Orange Navelina,1668.0,2018
agrumes,Orange Salustiana,21093.0,2018
agrumes,Orange Washignton Sanguine,77341.4999999999,2018
agrumes,Pamplemousse,1485.0,2018
agrumes,Petit Fruit Autres,91070.46,2018
agrumes,Petit Fruit Fortune,897.0,2018
agrumes,Petit Fruit Nour,154214.05,2018
agrumes,Petit Fruit Nova,24116.0,2018
agrumes,Petit Fruit Nules,156347.430751711,2018
agrumes,Petit Fruit Ortanique,16690.8,2018
amandiers,Amandier,117270.039,2018
céréales,Avoine,21424.0,2018
céréales,Mais,118392.0,2018
céréales,Riz,63037.1,2018
céréales,Sorgho,3316.9,2018
fourragères,Autres Cultures Fourragères,73285.0,2018
fourragères,Féverole,27669.0,2018
fourragères,Lupin,44170.0,2018
fourragères,Mélange Fourrager,104728.0,2018
fourragères,Pois Fourrager,13016.0,2018
fourragères,Sorgho Fourrager,9610.0,2018
fourragères,Triticale,15276.0,2018
industrielles,Autres Cultures Industrielles,813.03,2018
industrielles,Coriandre Récoltée,5053.0,2018
industrielles,Câprier,35950.0,2018
industrielles,Henné,5237.0,2018
industrielles,Rosier,3635.1,2018
industrielles,Safran,6.4445,2018
légumineuses,Autres Légumineuses,26628.0,2018
légumineuses,Fève,148744.56146,2018
légumineuses,Lentille,31738.83566,2018
légumineuses,Orobe,2832.5,2018
légumineuses,Petit Pois,35469.9361,2018
légumineuses,Pois Chiche,36312.15,2018
maraîchage,Ail,13611.0,2018
maraîchage,Artichaut,44591.0,2018
maraîchage,Asperge,0.0,2018
maraîchage,Aubergine,52754.0,2018
maraîchage,Betterave Potager,18858.0,2018
maraîchage,Choux Fleur,59055.7,2018
maraîchage,Choux Pomme,51054.0,2018
maraîchage,Concombre,47787.0,2018
maraîchage,Courge Courgette,180462.94,2018
maraîchage,Fraisier,143440.0,2018
maraîchage,Framboise,22460.0,2018
maraîchage,Fève Verte,142003.7,2018
maraîchage,Haricot Vert,156016.5,2018
maraîchage,Menthe,98704.0,2018
maraîchage,Myrtille,25314.0,2018
maraîchage,Mûrier,542.0,2018
maraîchage,Navet,144949.0,2018
maraîchage,Niora,948.0,2018
maraîchage,Oignon Vert,101185.0,2018
maraîchage,Patate Douce,18120.0,2018
maraîchage,Petit Pois Vert,123219.15,2018
oléagineuses,Arachide,32152.0,2018
oléagineuses,Sésame,798.0,2018
oléagineuses,Tournesol,37602.15,2018
palmiers-dattiers,Palmier Dattier,111701.0,2018
rosacées,Abricotier,101612.4,2018
rosacées,Autres Plantations Fruitières,31851.5,2018
rosacées,Avocatier,51170.0,2018
rosacées,Caroubier,64130.0,2018
rosacées,Cerisier,13664.5,2018
rosacées,Cognassier,59443.88,2018
rosacées,Figuier,128380.05,2018
rosacées,Grenadier,113479.3,2018
rosacées,Noyer,12467.1,2018
rosacées,Néflier,5353.9,2018
rosacées,Pacanier,261.0,2018
rosacées,Pistachier,66.0,2018
rosacées,Poirier,35201.5,2018
rosacées,Prunier,205222.407402181,2018
rosacées,Pêcher Nectarine,157893.0,2018
vignes,Raisin De Cuve,104501.25,2018
agrumes,Autres Agrumes,14847.3333333333,2019
agrumes,Citron,44919.04,2019
agrumes,Orange Autres,33481.1,2019
agrumes,Orange Navel Lane Late,35891.1866666666,2019
agrumes,Orange Navel Late,14862.0,2019
agrumes,Orange Navelina,2289.0,2019
agrumes,Orange Salustiana,27931.77,2019
agrumes,Orange Washignton Sanguine,93762.5933333333,2019
agrumes,Pamplemousse,2265.0,2019
agrumes,Petit Fruit Autres,112874.186666667,2019
agrumes,Petit Fruit Fortune,1925.63999999999,2019
agrumes,Petit Fruit Nador Cott,121277.7,2019
agrumes,Petit Fruit Nour,191225.703333333,2019
agrumes,Petit Fruit Nova,28682.51,2019
agrumes,Petit Fruit Nules,200321.613333333,2019
agrumes,Petit Fruit Ortanique,18959.79,2019
amandiers,Amandier,102185.44,2019
céréales,Autres Céréales,183.0,2019
céréales,Avoine,8488.1,2019
céréales,Mais,40490.8,2019
céréales,Riz,64598.1,2019
céréales,Sorgho,3412.85,2019
fourragères,Autres Cultures Fourragères,110680.0,2019
fourragères,Féverole,44893.0,2019
fourragères,Lupin,63242.0,2019
fourragères,Mélange Fourrager,119797.5,2019
fourragères,Pois Fourrager,38235.0,2019
fourragères,Sorgho Fourrager,6320.0,2019
fourragères,Triticale,10070.0,2019
fourragères,Vesce Avoine,115643.0,2019
industrielles,Autres Cultures Industrielles,701.2,2019
industrielles,Cannabis,69500.0,2019
industrielles,Coriandre Récoltée,5219.0,2019
industrielles,Cornichon,460.0,2019
industrielles,Câprier,32000.0,2019
industrielles,Henné,4561.0,2019
industrielles,Piment De Cayenne,13.0,2019
industrielles,Rosier,1031.0,2019
industrielles,Safran,6.203,2019
légumineuses,Autres Légumineuses,18307.5,2019
légumineuses,Fève,72738.9,2019
légumineuses,Lentille,37094.71,2019
légumineuses,Orobe,2700.0,2019
légumineuses,Petit Pois,18101.1,2019
légumineuses,Pois Chiche,75413.4,2019
maraîchage,Ail,10318.5,2019
maraîchage,Artichaut,44774.0,2019
maraîchage,Asperge,310.0,2019
maraîchage,Aubergine,68266.0,2019
maraîchage,Autres Cultures Maraichères,59559.0,2019
maraîchage,Betterave Potager,21156.0,2019
maraîchage,Choux Fleur,50762.0,2019
maraîchage,Choux Pomme,36998.0,2019
maraîchage,Concombre,57448.0,2019
maraîchage,Courge Courgette,198913.7,2019
maraîchage,Fraisier,167827.0,2019
maraîchage,Framboise,24628.0,2019
maraîchage,Fève Verte,85940.5,2019
maraîchage,Haricot Vert,119926.6,2019
maraîchage,Menthe,66582.5,2019
maraîchage,Myrtille,28946.0,2019
maraîchage,Mûrier,544.0,2019
maraîchage,Navet,158578.0,2019
maraîchage,Niora,50137.0,2019
maraîchage,Oignon Vert,71315.0,2019
maraîchage,Patate Douce,9366.0,2019
maraîchage,Petit Pois Vert,107058.8,2019
oléagineuses,Arachide,39670.4,2019
oléagineuses,Colza,9093.45,2019
oléagineuses,Sésame,798.0,2019
oléagineuses,Tournesol,29455.9,2019
palmiers-dattiers,Palmier Dattier,101536.95,2019
rosacées,Abricotier,109795.2,2019
rosacées,Autres Plantations Fruitières,28316.0,2019
rosacées,Avocatier,54576.0,2019
rosacées,Caroubier,63570.0,2019
rosacées,Cerisier,20348.7,2019
rosacées,Cognassier,39600.7,2019
rosacées,Figuier,153471.57,2019
rosacées,Grenadier,116945.53,2019
rosacées,Noyer,9880.2,2019
rosacées,Néflier,5704.4,2019
rosacées,Pacanier,261.0,2019
rosacées,Pistachier,67.0,2019
rosacées,Poirier,34020.4,2019
rosacées,Prunier,151487.5,2019
rosacées,Pêcher Nectarine,158826.8,2019
vignes,Raisin De Cuve,103887.0,2019
agrumes,Autres Agrumes,7134.0,2020
agrumes,Citron,34599.9173493976,2020
agrumes,Orange Autres,29342.38,2020
agrumes,Orange Navel Lane Late,21908.6,2020
agrumes,Orange Navel Late,10368.18,2020
agrumes,Orange Navelina,3770.0,2020
agrumes,Orange Salustiana,13694.6,2020
agrumes,Orange Washignton Sanguine,62058.66,2020
agrumes,Pamplemousse,1719.6,2020
agrumes,Petit Fruit Autres,81886.0,2020
agrumes,Petit Fruit Fortune,560.0,2020
agrumes,Petit Fruit Nour,87487.7,2020
agrumes,Petit Fruit Nova,17977.54,2020
agrumes,Petit Fruit Nules,97717.58,2020
agrumes,Petit Fruit Ortanique,11951.47,2020
amandiers,Amandier,134435.76,2020
céréales,Autres Céréales,32.1,2020
céréales,Avoine,5551.4,2020
céréales,Mais,29887.8,2020
céréales,Riz,4675.0,2020
céréales,Sorgho,4162.0,2020
fourragères,Autres Cultures Fourragères,38123.0,2020
fourragères,Féverole,36771.3,2020
fourragères,Lupin,53859.0,2020
fourragères,Mélange Fourrager,88402.0,2020
fourragères,Pois Fourrager,61380.0,2020
fourragères,Sorgho Fourrager,7242.0,2020
fourragères,Triticale,12726.0,2020
fourragères,Vesce Avoine,28415.0,2020
industrielles,Autres Cultures Industrielles,965.0,2020
industrielles,Cannabis,13840.0,2020
industrielles,Coriandre Récoltée,4495.0,2020
industrielles,Cornichon,0.0,2020
industrielles,Câprier,25700.0,2020
industrielles,Henné,3608.0,2020
industrielles,Piment De Cayenne,0.0,2020
industrielles,Rosier,361.2,2020
industrielles,Safran,5.937,2020
légumineuses,Autres Légumineuses,26931.1,2020
légumineuses,Fève,48973.0866666667,2020
légumineuses,Lentille,9043.84,2020
légumineuses,Orobe,798.0,2020
légumineuses,Petit Pois,14077.0,2020
légumineuses,Pois Chiche,49714.17,2020
maraîchage,Ail,11953.3,2020
maraîchage,Artichaut,45012.0,2020
maraîchage,Asperge,20.0,2020
maraîchage,Aubergine,60912.6,2020
maraîchage,Autres Cultures Maraichères,174477.4,2020
maraîchage,Betterave Potager,22680.8,2020
maraîchage,Choux Fleur,57542.8,2020
maraîchage,Choux Pomme,63598.0,2020
maraîchage,Concombre,46415.6,2020
maraîchage,Courge Courgette,154013.3,2020
maraîchage,Fraisier,166955.0,2020
maraîchage,Framboise,34135.0,2020
maraîchage,Fève Verte,99273.7,2020
maraîchage,Haricot Vert,109432.5,2020
maraîchage,Menthe,40402.5,2020
maraîchage,Myrtille,30293.0,2020
maraîchage,Mûrier,500.0,2020
maraîchage,Navet,170081.9,2020
maraîchage,Niora,32244.5,2020
maraîchage,Oignon Vert,101999.0,2020
maraîchage,Patate Douce,7430.0,2020
maraîchage,Petit Pois Vert,96859.5,2020
maraîchage,Piment Poivron,143883.8,2020
oléagineuses,Arachide,36725.0,2020
oléagineuses,Colza,9090.0,2020
oléagineuses,Sésame,662.8,2020
oléagineuses,Tournesol,22397.26,2020
palmiers-dattiers,Palmier Dattier,143159.8,2020
rosacées,Abricotier,93007.9,2020
rosacées,Autres Plantations Fruitières,20833.0,2020
rosacées,Avocatier,69940.0,2020
rosacées,Caroubier,55387.0,2020
rosacées,Cerisier,10767.2,2020
rosacées,Cognassier,57700.0,2020
rosacées,Figuier,144246.05,2020
rosacées,Grenadier,146821.5,2020
rosacées,Noyer,11996.2,2020
rosacées,Néflier,7804.5,2020
rosacées,Pacanier,260.0,2020
rosacées,Pistachier,77.0,2020
rosacées,Poirier,33082.2,2020
rosacées,Prunier,143456.66,2020
rosacées,Pêcher Nectarine,159530.8,2020
vignes,Raisin De Cuve,120576.0,2020
agrumes,Autres Agrumes,2431.0,2021
agrumes,Citron,1716.5416666666667,2021
agrumes,Orange Autres,2664.076923076923,2021
agrumes,Orange Maroc Late,21281.041666666668,2021
agrumes,Orange Navel,13475.0,2021
agrumes,Orange Navel Lane Late,2117.5454545454545,2021
agrumes,Orange Navel Late,2927.1428571428573,2021
agrumes,Orange Navelina,1506.0,2021
agrumes,Orange Salustiana,2177.25,2021
agrumes,Orange Washignton Sanguine,5465.64705882353,2021
agrumes,Pamplemousse,395.6666666666667,2021
agrumes,Petit Fruit Autres,7448.111111111111,2021
agrumes,Petit Fruit Clémentine,23374.777777777777,2021
agrumes,Petit Fruit Fortune,998.0,2021
agrumes,Petit Fruit Nador Cott,21500.545454545456,2021
agrumes,Petit Fruit Nour,6797.777777777777,2021
agrumes,Petit Fruit Nova,1952.1538461538462,2021
agrumes,Petit Fruit Nules,3904.809523809524,2021
agrumes,Petit Fruit Ortanique,1066.0,2021
amandiers,Amandier,1822.5375268817313,2021
céréales,Avoine,580.9090909090909,2021
céréales,Blé Dur,20692.89916666666,2021
céréales,Blé Tendre,41481.147540983584,2021
céréales,Mais,2210.7863636363636,2021
céréales,Orge,23169.544999999987,2021
céréales,Riz,25450.35,2021
céréales,Sorgho,2751.8888888888887,2021
fourragères,Autres Cultures Fourragères,2194.9,2021
fourragères,Avoine Vert,12908.0,2021
fourragères,Bersim,64519.57692307692,2021
fourragères,Féverole,3353.76,2021
fourragères,Lupin,10095.0,2021
fourragères,Luzerne,118947.8359375,2021
fourragères,Mais Fourrager,46952.62244897959,2021
fourragères,Mélange Fourrager,9200.78947368421,2021
fourragères,Orge Fourrager,15270.394366197183,2021
fourragères,Pois Fourrager,11198.714285714286,2021
fourragères,Sorgho Fourrager,787.3333333333334,2021
fourragères,Triticale,2591.3333333333335,2021
fourragères,Vesce Avoine,4321.538461538462,2021
industrielles,Autres Cultures Industrielles,548.5,2021
industrielles,Cannabis,3700.0,2021
industrielles,Coriandre Récoltée,1116.6666666666667,2021
industrielles,Cornichon,286.0,2021
industrielles,Câprier,6462.5,2021
industrielles,Henné,1516.0,2021
industrielles,Piment De Cayenne,17.5,2021
industrielles,Rosier,1901.6,2021
industrielles,Safran,1.0071428571428571,2021
légumineuses,Autres Légumineuses,799.8288,2021
légumineuses,Fève,1704.0049350649351,2021
légumineuses,Lentille,1040.07375,2021
légumineuses,Orobe,161.73333333333332,2021
légumineuses,Petit Pois,546.625238095238,2021
légumineuses,Pois Chiche,2072.772571428571,2021
maraîchage,Ail,461.6666666666667,2021
maraîchage,Artichaut,2702.866666666667,2021
maraîchage,Asperge,10.0,2021
maraîchage,Aubergine,1929.6190476190477,2021
maraîchage,Autres Cultures Maraichères,2584.9485714285715,2021
maraîchage,Betterave Potager,978.7222222222222,2021
maraîchage,Carotte,5871.318181818182,2021
maraîchage,Choux Fleur,1941.3833333333334,2021
maraîchage,Choux Pomme,3955.7608695652175,2021
maraîchage,Concombre,2137.535714285714,2021
maraîchage,Courge Courgette,4571.902777777777,2021
maraîchage,Fraisier,28215.0,2021
maraîchage,Framboise,7383.0,2021
maraîchage,Fève Verte,1418.3921568627452,2021
maraîchage,Haricot Vert,3446.4864864864867,2021
maraîchage,Melon,8861.655737704918,2021
maraîchage,Menthe,1070.8864285714285,2021
maraîchage,Myrtille,6251.0,2021
maraîchage,Mûrier,52.0,2021
maraîchage,Navet,2710.6285714285714,2021
maraîchage,Niora,7166.75,2021
maraîchage,Oignon,12046.915492957747,2021
maraîchage,Oignon Vert,6086.339285714285,2021
maraîchage,Pastèque,16818.428571428572,2021
maraîchage,Patate Douce,1852.0,2021
maraîchage,Petit Pois Vert,2298.19375,2021
maraîchage,Piment Poivron,5197.573170731707,2021
maraîchage,Pomme De Terre,19091.31395348837,2021
maraîchage,Tomate,21493.460655737705,2021
oliviers,Olivier,12022.985185185185,2021
oléagineuses,Arachide,6131.466666666667,2021
oléagineuses,Colza,415.4428571428571,2021
oléagineuses,Sésame,158.425,2021
oléagineuses,Tournesol,1892.430769230769,2021
palmiers-dattiers,Palmier Dattier,12525.095000000001,2021
rosacées,Abricotier,1634.3677083333332,2021
rosacées,Autres Plantations Fruitières,1214.0,2021
rosacées,Avocatier,7488.090909090909,2021
rosacées,Bananier,37348.666666666664,2021
rosacées,Caroubier,4226.807692307692,2021
rosacées,Cerisier,1254.940909090909,2021
rosacées,Cognassier,1214.2555555555555,2021
rosacées,Figuier,1848.1156410256408,2021
rosacées,Grenadier,2025.7072,2021
rosacées,Noyer,1002.6080000000001,2021
rosacées,Néflier,705.5363636363636,2021
rosacées,Pacanier,130.75,2021
rosacées,Pistachier,18.666666666666668,2021
rosacées,Poirier,1036.134,2021
rosacées,Pommier,16787.490188679243,2021
rosacées,Prunier,1901.7231382978723,2021
rosacées,Pêcher Nectarine,3448.4532653061224,2021
sucrières,Betterave À Sucre,160874.4375,2021
sucrières,Canne À Sucre,153313.5,2021
vignes,Raisin De Cuve,5133.136363636364,2021
vignes,Raisin De Table,6269.803448275861,2021
agrumes,Autres Agrumes,2309.442857142857,2022
agrumes,Citron,2128.5565217391304,2022
agrumes,Orange Autres,3101.714285714286,2022
agrumes,Orange Maroc Late,24246.408695652175,2022
agrumes,Orange Navel,18961.328,2022
agrumes,Orange Navel Lane Late,2039.2727272727273,2022
agrumes,Orange Navel Late,2786.8571428571427,2022
agrumes,Orange Navelina,3000.0,2022
agrumes,Orange Salustiana,2506.8088888888888,2022
agrumes,Orange Washignton Sanguine,7045.5,2022
agrumes,Pamplemousse,354.5,2022
agrumes,Petit Fruit Autres,7657.038888888888,2022
agrumes,Petit Fruit Clémentine,25890.273076923077,2022
agrumes,Petit Fruit Fortune,1260.0,2022
agrumes,Petit Fruit Nador Cott,23555.958333333332,2022
agrumes,Petit Fruit Nour,7671.735294117647,2022
agrumes,Petit Fruit Nova,2160.3076923076924,2022
agrumes,Petit Fruit Nules,4598.176842105263,2022
agrumes,Petit Fruit Ortanique,1442.2214285714285,2022
amandiers,Amandier,2043.7577906976746,2022
céréales,Autres Céréales,10936.666666666666,2022
céréales,Avoine,748.0,2022
céréales,Blé Dur,9041.666124803358,2022
céréales,Blé Tendre,20364.54001284279,2022
céréales,Mais,1626.5090909090907,2022
céréales,Orge,8192.703438114384,2022
céréales,Riz,16370.0,2022
céréales,Sorgho,1067.4,2022
fourragères,Autres Cultures Fourragères,7550.333333333333,2022
fourragères,Avoine Vert,9726.675675675675,2022
fourragères,Bersim,57968.311111111114,2022
fourragères,Féverole,4538.0428571428565,2022
fourragères,Lupin,11650.0,2022
fourragères,Luzerne,67172.0,2022
fourragères,Mais Fourrager,52498.333333333336,2022
fourragères,Mélange Fourrager,5008.823529411765,2022
fourragères,Orge Fourrager,17354.508,2022
fourragères,Pois Fourrager,2055.0,2022
fourragères,Sorgho Fourrager,2424.3333333333335,2022
fourragères,Triticale,2935.25,2022
fourragères,Vesce Avoine,2412.5,2022
industrielles,Cannabis,3396.6666666666665,2022
industrielles,Coriandre Récoltée,743.3333333333334,2022
industrielles,Câprier,2638.25,2022
industrielles,Henné,1365.0,2022
industrielles,Piment De Cayenne,750.0,2022
industrielles,Rosier,1150.5,2022
industrielles,Safran,1026.6425,2022
légumineuses,Autres Légumineuses,799.8466666666667,2022
légumineuses,Fève,702.8783018867925,2022
légumineuses,Lentille,293.4891176470588,2022
légumineuses,Orobe,21.150000000000002,2022
légumineuses,Petit Pois,235.04651162790697,2022
légumineuses,Pois Chiche,937.9984848484848,2022
maraîchage,Ail,1059.01,2022
maraîchage,Artichaut,8102.5,2022
maraîchage,Aubergine,1605.2105263157894,2022
maraîchage,Autres Cultures Maraichères,3468.836333333333,2022
maraîchage,Betterave Potager,1931.047619047619,2022
maraîchage,Carotte,6429.661904761905,2022
maraîchage,Choux Fleur,2477.076923076923,2022
maraîchage,Choux Pomme,3617.9565217391305,2022
maraîchage,Concombre,2037.258064516129,2022
maraîchage,Courge Courgette,4171.171428571429,2022
maraîchage,Fraisier,33074.13793103448,2022
maraîchage,Framboise,6073.333333333333,2022
maraîchage,Fève Verte,1407.3039999999999,2022
maraîchage,Haricot Vert,5119.025641025641,2022
maraîchage,Melon,9410.137254901962,2022
maraîchage,Menthe,1532.0714285714287,2022
maraîchage,Myrtille,5322.5,2022
maraîchage,Mûrier,215.0,2022
maraîchage,Navet,2496.5298245614035,2022
maraîchage,Niora,11372.666666666666,2022
maraîchage,Oignon,17072.1,2022
maraîchage,Oignon Vert,4087.5617647058825,2022
maraîchage,Pastèque,15073.7625,2022
maraîchage,Patate Douce,1951.6666666666667,2022
maraîchage,Petit Pois Vert,1794.2224489795917,2022
maraîchage,Piment Poivron,7015.615384615385,2022
maraîchage,Pomme De Terre,22671.310256410256,2022
maraîchage,Tomate,23940.379310344826,2022
oliviers,Olivier,13298.046879054053,2022
oléagineuses,Arachide,9252.0,2022
oléagineuses,Sésame,280.0,2022
oléagineuses,Tournesol,3381.3888888888887,2022
palmiers-dattiers,Palmier Dattier,6542.560476190477,2022
rosacées,Abricotier,1619.0595238095239,2022
rosacées,Autres Plantations Fruitières,401.225,2022
rosacées,Avocatier,7593.846153846154,2022
rosacées,Bananier,41817.125,2022
rosacées,Caroubier,3478.0285714285715,2022
rosacées,Cerisier,1326.265,2022
rosacées,Cognassier,1408.013888888889,2022
rosacées,Figuier,1588.6927536231885,2022
rosacées,Grenadier,2370.6521875,2022
rosacées,Noyer,578.9227272727272,2022
rosacées,Néflier,709.9375,2022
rosacées,Pacanier,97.55,2022
rosacées,Pistachier,26.0,2022
rosacées,Poirier,1205.1194736842078,2022
rosacées,Pommier,21971.905714285716,2022
rosacées,Prunier,3974.787333333333,2022
rosacées,Pêcher Nectarine,5388.473260869565,2022
sucrières,Betterave À Sucre,118627.471875,2022
sucrières,Canne À Sucre,142973.5875,2022
vignes,Raisin De Cuve,3855.52,2022
vignes,Raisin De Table,4599.392105263158,2022
