date,Produit,Production_tonnes
1961-01-01,Ail frais,2000.0
1962-01-01,Ail frais,2000.0
1963-01-01,Ail frais,3000.0
1964-01-01,Ail frais,2000.0
1965-01-01,Ail frais,1000.0
1966-01-01,Ail frais,1094.0
1967-01-01,Ail frais,1000.0
1968-01-01,Ail frais,1000.0
1969-01-01,Ail frais,1100.0
1970-01-01,Ail frais,1100.0
1971-01-01,Ail frais,1100.0
1972-01-01,Ail frais,1100.0
1973-01-01,Ail frais,1100.0
1974-01-01,Ail frais,1200.0
1975-01-01,Ail frais,1200.0
1976-01-01,Ail frais,1300.0
1977-01-01,Ail frais,1300.0
1978-01-01,Ail frais,1400.0
1979-01-01,Ail frais,1500.0
1980-01-01,Ail frais,1600.0
1981-01-01,Ail frais,1800.0
1982-01-01,Ail frais,2000.0
1983-01-01,Ail frais,3000.0
1984-01-01,Ail frais,4000.0
1985-01-01,Ail frais,5000.0
1986-01-01,Ail frais,6000.0
1987-01-01,Ail frais,7300.0
1988-01-01,Ail frais,8100.0
1989-01-01,Ail frais,6616.0
1990-01-01,Ail frais,11037.0
1991-01-01,Ail frais,13736.0
1992-01-01,Ail frais,10500.0
1993-01-01,Ail frais,9960.0
1994-01-01,Ail frais,19996.0
1995-01-01,Ail frais,12000.0
1996-01-01,Ail frais,8000.0
1997-01-01,Ail frais,9180.0
1998-01-01,Ail frais,6700.0
1999-01-01,Ail frais,9940.0
2000-01-01,Ail frais,16040.0
2001-01-01,Ail frais,10790.0
2002-01-01,Ail frais,8840.0
2003-01-01,Ail frais,15000.0
2004-01-01,Ail frais,21610.0
2005-01-01,Ail frais,21840.0
2006-01-01,Ail frais,20240.0
2007-01-01,Ail frais,14505.0
2008-01-01,Ail frais,12570.0
2009-01-01,Ail frais,12600.0
2010-01-01,Ail frais,10322.0
2011-01-01,Ail frais,22376.0
2012-01-01,Ail frais,5294.0
2013-01-01,Ail frais,6784.0
2014-01-01,Ail frais,7709.0
2015-01-01,Ail frais,7397.0
2016-01-01,Ail frais,12562.0
2017-01-01,Ail frais,13660.0
2018-01-01,Ail frais,13611.0
2019-01-01,Ail frais,10318.5
2020-01-01,Ail frais,11953.3
2021-01-01,Ail frais,11080.0
2022-01-01,Ail frais,21180.2
2023-01-01,Ail frais,21380.5
1961-01-01,Artichauts,28000.0
1962-01-01,Artichauts,20000.0
1963-01-01,Artichauts,23000.0
1964-01-01,Artichauts,36000.0
1965-01-01,Artichauts,25000.0
1966-01-01,Artichauts,15938.0
1967-01-01,Artichauts,20000.0
1968-01-01,Artichauts,25000.0
1969-01-01,Artichauts,22000.0
1970-01-01,Artichauts,25000.0
1971-01-01,Artichauts,23000.0
1972-01-01,Artichauts,25000.0
1973-01-01,Artichauts,25000.0
1974-01-01,Artichauts,27000.0
1975-01-01,Artichauts,27000.0
1976-01-01,Artichauts,28000.0
1977-01-01,Artichauts,29000.0
1978-01-01,Artichauts,30000.0
1979-01-01,Artichauts,32000.0
1980-01-01,Artichauts,33000.0
1981-01-01,Artichauts,34000.0
1982-01-01,Artichauts,30000.0
1983-01-01,Artichauts,25000.0
1984-01-01,Artichauts,20000.0
1985-01-01,Artichauts,18000.0
1986-01-01,Artichauts,20000.0
1987-01-01,Artichauts,25600.0
1988-01-01,Artichauts,24700.0
1989-01-01,Artichauts,18743.0
1990-01-01,Artichauts,17137.0
1991-01-01,Artichauts,24473.0
1992-01-01,Artichauts,23926.0
1993-01-01,Artichauts,25500.0
1994-01-01,Artichauts,33900.0
1995-01-01,Artichauts,34750.0
1996-01-01,Artichauts,18100.0
1997-01-01,Artichauts,24300.0
1998-01-01,Artichauts,25900.0
1999-01-01,Artichauts,28330.0
2000-01-01,Artichauts,40680.0
2001-01-01,Artichauts,44500.0
2002-01-01,Artichauts,43520.0
2003-01-01,Artichauts,50270.0
2004-01-01,Artichauts,53770.0
2005-01-01,Artichauts,53220.0
2006-01-01,Artichauts,55175.0
2007-01-01,Artichauts,52005.0
2008-01-01,Artichauts,60190.0
2009-01-01,Artichauts,56620.0
2010-01-01,Artichauts,45460.0
2011-01-01,Artichauts,43137.0
2012-01-01,Artichauts,63889.0
2013-01-01,Artichauts,62073.6
2014-01-01,Artichauts,55234.0
2015-01-01,Artichauts,50744.0
2016-01-01,Artichauts,44144.0
2017-01-01,Artichauts,45457.0
2018-01-01,Artichauts,44591.0
2019-01-01,Artichauts,44774.0
2020-01-01,Artichauts,45012.0
2021-01-01,Artichauts,40543.0
2022-01-01,Artichauts,41025.0
2023-01-01,Artichauts,46648.0
1961-01-01,Aubergines,2100.0
1962-01-01,Aubergines,2500.0
1963-01-01,Aubergines,2500.0
1964-01-01,Aubergines,2500.0
1965-01-01,Aubergines,3500.0
1966-01-01,Aubergines,4000.0
1967-01-01,Aubergines,4000.0
1968-01-01,Aubergines,4000.0
1969-01-01,Aubergines,4000.0
1970-01-01,Aubergines,4000.0
1971-01-01,Aubergines,4000.0
1972-01-01,Aubergines,4000.0
1973-01-01,Aubergines,4000.0
1974-01-01,Aubergines,4000.0
1975-01-01,Aubergines,5000.0
1976-01-01,Aubergines,6000.0
1977-01-01,Aubergines,7000.0
1978-01-01,Aubergines,8000.0
1979-01-01,Aubergines,9000.0
1980-01-01,Aubergines,10000.0
1981-01-01,Aubergines,11000.0
1982-01-01,Aubergines,12000.0
1983-01-01,Aubergines,14000.0
1984-01-01,Aubergines,14000.0
1985-01-01,Aubergines,16000.0
1986-01-01,Aubergines,18000.0
1987-01-01,Aubergines,21000.0
1988-01-01,Aubergines,20200.0
1989-01-01,Aubergines,31700.0
1990-01-01,Aubergines,42159.0
1991-01-01,Aubergines,31871.0
1992-01-01,Aubergines,29481.0
1993-01-01,Aubergines,27975.0
1994-01-01,Aubergines,26000.0
1995-01-01,Aubergines,24010.0
1996-01-01,Aubergines,33150.0
1997-01-01,Aubergines,42900.0
1998-01-01,Aubergines,44430.0
1999-01-01,Aubergines,37940.0
2000-01-01,Aubergines,34190.0
2001-01-01,Aubergines,29670.0
2002-01-01,Aubergines,30650.0
2003-01-01,Aubergines,38440.0
2004-01-01,Aubergines,38970.0
2005-01-01,Aubergines,49973.0
2006-01-01,Aubergines,56620.0
2007-01-01,Aubergines,33715.0
2008-01-01,Aubergines,34805.0
2009-01-01,Aubergines,30491.0
2010-01-01,Aubergines,38001.0
2011-01-01,Aubergines,34823.0
2012-01-01,Aubergines,50147.0
2013-01-01,Aubergines,71976.6
2014-01-01,Aubergines,70291.0
2015-01-01,Aubergines,56877.0
2016-01-01,Aubergines,22720.5
2017-01-01,Aubergines,52966.0
2018-01-01,Aubergines,52754.0
2019-01-01,Aubergines,68266.0
2020-01-01,Aubergines,60912.6
2021-01-01,Aubergines,81044.0
2022-01-01,Aubergines,60998.0
2023-01-01,Aubergines,109319.0
1961-01-01,Avocats,1000.0
1962-01-01,Avocats,1000.0
1963-01-01,Avocats,1000.0
1964-01-01,Avocats,1000.0
1965-01-01,Avocats,1000.0
1966-01-01,Avocats,1000.0
1967-01-01,Avocats,1000.0
1968-01-01,Avocats,1000.0
1969-01-01,Avocats,1000.0
1970-01-01,Avocats,1000.0
1971-01-01,Avocats,1000.0
1972-01-01,Avocats,1000.0
1973-01-01,Avocats,1000.0
1974-01-01,Avocats,1000.0
1975-01-01,Avocats,1000.0
1976-01-01,Avocats,1000.0
1977-01-01,Avocats,1000.0
1978-01-01,Avocats,1000.0
1979-01-01,Avocats,1000.0
1980-01-01,Avocats,1000.0
1981-01-01,Avocats,1000.0
1982-01-01,Avocats,1000.0
1983-01-01,Avocats,1000.0
1984-01-01,Avocats,1000.0
1985-01-01,Avocats,2000.0
1986-01-01,Avocats,2500.0
1987-01-01,Avocats,3000.0
1988-01-01,Avocats,3500.0
1989-01-01,Avocats,4000.0
1990-01-01,Avocats,4500.0
1991-01-01,Avocats,5000.0
1992-01-01,Avocats,5500.0
1993-01-01,Avocats,6000.0
1994-01-01,Avocats,7000.0
1995-01-01,Avocats,8000.0
1996-01-01,Avocats,9000.0
1997-01-01,Avocats,10000.0
1998-01-01,Avocats,11000.0
1999-01-01,Avocats,13000.0
2000-01-01,Avocats,13000.0
2001-01-01,Avocats,13600.0
2002-01-01,Avocats,13500.0
2003-01-01,Avocats,14500.0
2004-01-01,Avocats,15700.0
2005-01-01,Avocats,13400.0
2006-01-01,Avocats,16400.0
2007-01-01,Avocats,16896.0
2008-01-01,Avocats,19253.0
2009-01-01,Avocats,26000.0
2010-01-01,Avocats,33645.0
2011-01-01,Avocats,33519.0
2012-01-01,Avocats,54340.0
2013-01-01,Avocats,28079.5
2014-01-01,Avocats,31895.5
2015-01-01,Avocats,42732.0
2016-01-01,Avocats,42256.0
2017-01-01,Avocats,41695.34
2018-01-01,Avocats,51170.0
2019-01-01,Avocats,54576.0
2020-01-01,Avocats,69940.0
2021-01-01,Avocats,82369.0
2022-01-01,Avocats,98720.0
2023-01-01,Avocats,118666.0
1961-01-01,Carottes et navets,23000.0
1962-01-01,Carottes et navets,29000.0
1963-01-01,Carottes et navets,34000.0
1964-01-01,Carottes et navets,49000.0
1965-01-01,Carottes et navets,31000.0
1966-01-01,Carottes et navets,33000.0
1967-01-01,Carottes et navets,34000.0
1968-01-01,Carottes et navets,36000.0
1969-01-01,Carottes et navets,35000.0
1970-01-01,Carottes et navets,40000.0
1971-01-01,Carottes et navets,40000.0
1972-01-01,Carottes et navets,40000.0
1973-01-01,Carottes et navets,42000.0
1974-01-01,Carottes et navets,43000.0
1975-01-01,Carottes et navets,44000.0
1976-01-01,Carottes et navets,45000.0
1977-01-01,Carottes et navets,46000.0
1978-01-01,Carottes et navets,50000.0
1979-01-01,Carottes et navets,50000.0
1980-01-01,Carottes et navets,52000.0
1981-01-01,Carottes et navets,53000.0
1982-01-01,Carottes et navets,54000.0
1983-01-01,Carottes et navets,60000.0
1984-01-01,Carottes et navets,70000.0
1985-01-01,Carottes et navets,80000.0
1986-01-01,Carottes et navets,100000.0
1987-01-01,Carottes et navets,140300.0
1988-01-01,Carottes et navets,125000.0
1989-01-01,Carottes et navets,162187.0
1990-01-01,Carottes et navets,179791.0
1991-01-01,Carottes et navets,187055.0
1992-01-01,Carottes et navets,161384.0
1993-01-01,Carottes et navets,168900.0
1994-01-01,Carottes et navets,165800.0
1995-01-01,Carottes et navets,223525.0
1996-01-01,Carottes et navets,224500.0
1997-01-01,Carottes et navets,221400.0
1998-01-01,Carottes et navets,229000.0
1999-01-01,Carottes et navets,220850.0
2000-01-01,Carottes et navets,209510.0
2001-01-01,Carottes et navets,198370.0
2002-01-01,Carottes et navets,233390.0
2003-01-01,Carottes et navets,332210.0
2004-01-01,Carottes et navets,311090.0
2005-01-01,Carottes et navets,373125.0
2006-01-01,Carottes et navets,298975.0
2007-01-01,Carottes et navets,232165.0
2008-01-01,Carottes et navets,280995.0
2009-01-01,Carottes et navets,239050.0
2010-01-01,Carottes et navets,264272.0
2011-01-01,Carottes et navets,427734.0
2012-01-01,Carottes et navets,707316.0
2013-01-01,Carottes et navets,509370.5
2014-01-01,Carottes et navets,474055.8
2015-01-01,Carottes et navets,413877.9
2016-01-01,Carottes et navets,393703.92
2017-01-01,Carottes et navets,436135.0
2018-01-01,Carottes et navets,480294.0
2019-01-01,Carottes et navets,412218.8
2020-01-01,Carottes et navets,403398.6
2021-01-01,Carottes et navets,387507.0
2022-01-01,Carottes et navets,405068.7
2023-01-01,Carottes et navets,404646.0
1961-01-01,Cerises,20.0
1962-01-01,Cerises,30.0
1963-01-01,Cerises,30.0
1964-01-01,Cerises,40.0
1965-01-01,Cerises,40.0
1966-01-01,Cerises,60.0
1967-01-01,Cerises,80.0
1968-01-01,Cerises,100.0
1969-01-01,Cerises,120.0
1970-01-01,Cerises,140.0
1971-01-01,Cerises,160.0
1972-01-01,Cerises,180.0
1973-01-01,Cerises,200.0
1974-01-01,Cerises,230.0
1975-01-01,Cerises,250.0
1976-01-01,Cerises,300.0
1977-01-01,Cerises,310.0
1978-01-01,Cerises,340.0
1979-01-01,Cerises,360.0
1980-01-01,Cerises,380.0
1981-01-01,Cerises,400.0
1982-01-01,Cerises,600.0
1983-01-01,Cerises,800.0
1984-01-01,Cerises,700.0
1985-01-01,Cerises,900.0
1986-01-01,Cerises,1000.0
1987-01-01,Cerises,1100.0
1988-01-01,Cerises,1400.0
1989-01-01,Cerises,2600.0
1990-01-01,Cerises,2300.0
1991-01-01,Cerises,2700.0
1992-01-01,Cerises,7000.0
1993-01-01,Cerises,11000.0
1994-01-01,Cerises,2000.0
1995-01-01,Cerises,1400.0
1996-01-01,Cerises,4000.0
1997-01-01,Cerises,3200.0
1998-01-01,Cerises,7200.0
1999-01-01,Cerises,7166.0
2000-01-01,Cerises,6400.0
2001-01-01,Cerises,4500.0
2002-01-01,Cerises,2500.0
2003-01-01,Cerises,3700.0
2004-01-01,Cerises,5440.0
2005-01-01,Cerises,9800.0
2006-01-01,Cerises,5530.0
2007-01-01,Cerises,6090.0
2008-01-01,Cerises,6664.0
2009-01-01,Cerises,7501.0
2010-01-01,Cerises,8051.0
2011-01-01,Cerises,8210.0
2012-01-01,Cerises,7196.0
2013-01-01,Cerises,15199.4
2014-01-01,Cerises,15523.6
2015-01-01,Cerises,18728.6
2016-01-01,Cerises,8093.0
2017-01-01,Cerises,13405.7
2018-01-01,Cerises,13664.5
2019-01-01,Cerises,20348.7
2020-01-01,Cerises,10767.2
2021-01-01,Cerises,13804.0
2022-01-01,Cerises,15915.18
2023-01-01,Cerises,14144.76
1961-01-01,Champignons et truffes,300.0
1962-01-01,Champignons et truffes,300.0
1963-01-01,Champignons et truffes,300.0
1964-01-01,Champignons et truffes,300.0
1965-01-01,Champignons et truffes,400.0
1966-01-01,Champignons et truffes,400.0
1967-01-01,Champignons et truffes,400.0
1968-01-01,Champignons et truffes,500.0
1969-01-01,Champignons et truffes,500.0
1970-01-01,Champignons et truffes,500.0
1971-01-01,Champignons et truffes,600.0
1972-01-01,Champignons et truffes,600.0
1973-01-01,Champignons et truffes,800.0
1974-01-01,Champignons et truffes,680.0
1975-01-01,Champignons et truffes,650.0
1976-01-01,Champignons et truffes,650.0
1977-01-01,Champignons et truffes,630.0
1978-01-01,Champignons et truffes,630.0
1979-01-01,Champignons et truffes,600.0
1980-01-01,Champignons et truffes,600.0
1981-01-01,Champignons et truffes,620.0
1982-01-01,Champignons et truffes,620.0
1983-01-01,Champignons et truffes,630.0
1984-01-01,Champignons et truffes,630.0
1985-01-01,Champignons et truffes,630.0
1986-01-01,Champignons et truffes,630.0
1987-01-01,Champignons et truffes,630.0
1988-01-01,Champignons et truffes,630.0
1989-01-01,Champignons et truffes,800.0
1990-01-01,Champignons et truffes,1000.0
1991-01-01,Champignons et truffes,1500.0
1992-01-01,Champignons et truffes,1700.0
1993-01-01,Champignons et truffes,1600.0
1994-01-01,Champignons et truffes,1700.0
1995-01-01,Champignons et truffes,1714.43
1996-01-01,Champignons et truffes,1700.0
1997-01-01,Champignons et truffes,1714.69
1998-01-01,Champignons et truffes,1750.0
1999-01-01,Champignons et truffes,1777.43
2000-01-01,Champignons et truffes,1800.0
2001-01-01,Champignons et truffes,1824.23
2002-01-01,Champignons et truffes,1850.0
2003-01-01,Champignons et truffes,1874.74
2004-01-01,Champignons et truffes,1900.0
2005-01-01,Champignons et truffes,1923.47
2006-01-01,Champignons et truffes,1958.38
2007-01-01,Champignons et truffes,1935.54
2008-01-01,Champignons et truffes,1953.1
2009-01-01,Champignons et truffes,1970.66
2010-01-01,Champignons et truffes,1988.21
2011-01-01,Champignons et truffes,2005.77
2012-01-01,Champignons et truffes,2023.32
2013-01-01,Champignons et truffes,2040.88
2014-01-01,Champignons et truffes,2069.19
2015-01-01,Champignons et truffes,2097.21
2016-01-01,Champignons et truffes,2112.1
2017-01-01,Champignons et truffes,2135.12
2018-01-01,Champignons et truffes,2146.62
2019-01-01,Champignons et truffes,2169.23
2020-01-01,Champignons et truffes,2195.26
2021-01-01,Champignons et truffes,2202.78
2022-01-01,Champignons et truffes,2219.39
2023-01-01,Champignons et truffes,2237.55
1961-01-01,Citrons et limes,11000.0
1962-01-01,Citrons et limes,7000.0
1963-01-01,Citrons et limes,8000.0
1964-01-01,Citrons et limes,9000.0
1965-01-01,Citrons et limes,8000.0
1966-01-01,Citrons et limes,9000.0
1967-01-01,Citrons et limes,6000.0
1968-01-01,Citrons et limes,4000.0
1969-01-01,Citrons et limes,3000.0
1970-01-01,Citrons et limes,4000.0
1971-01-01,Citrons et limes,3300.0
1972-01-01,Citrons et limes,4000.0
1973-01-01,Citrons et limes,4500.0
1974-01-01,Citrons et limes,10000.0
1975-01-01,Citrons et limes,10000.0
1976-01-01,Citrons et limes,3000.0
1977-01-01,Citrons et limes,5000.0
1978-01-01,Citrons et limes,10000.0
1979-01-01,Citrons et limes,15000.0
1980-01-01,Citrons et limes,12000.0
1981-01-01,Citrons et limes,15000.0
1982-01-01,Citrons et limes,27000.0
1983-01-01,Citrons et limes,27000.0
1984-01-01,Citrons et limes,30000.0
1985-01-01,Citrons et limes,30000.0
1986-01-01,Citrons et limes,28000.0
1987-01-01,Citrons et limes,30000.0
1988-01-01,Citrons et limes,20000.0
1989-01-01,Citrons et limes,18000.0
1990-01-01,Citrons et limes,15000.0
1991-01-01,Citrons et limes,20000.0
1992-01-01,Citrons et limes,15000.0
1993-01-01,Citrons et limes,20000.0
1994-01-01,Citrons et limes,20000.0
1995-01-01,Citrons et limes,12000.0
1996-01-01,Citrons et limes,20000.0
1997-01-01,Citrons et limes,17000.0
1998-01-01,Citrons et limes,21000.0
1999-01-01,Citrons et limes,9000.0
2000-01-01,Citrons et limes,14000.0
2001-01-01,Citrons et limes,6000.0
2002-01-01,Citrons et limes,11400.0
2003-01-01,Citrons et limes,12300.0
2004-01-01,Citrons et limes,8900.0
2005-01-01,Citrons et limes,21000.0
2006-01-01,Citrons et limes,22100.0
2007-01-01,Citrons et limes,22000.0
2008-01-01,Citrons et limes,22600.0
2009-01-01,Citrons et limes,24000.0
2010-01-01,Citrons et limes,22498.0
2011-01-01,Citrons et limes,24000.0
2012-01-01,Citrons et limes,27278.0
2013-01-01,Citrons et limes,28141.79
2014-01-01,Citrons et limes,26450.59
2015-01-01,Citrons et limes,29592.75
2016-01-01,Citrons et limes,36308.78
2017-01-01,Citrons et limes,40114.3
2018-01-01,Citrons et limes,39686.81
2019-01-01,Citrons et limes,44919.04
2020-01-01,Citrons et limes,34599.92
2021-01-01,Citrons et limes,41197.0
2022-01-01,Citrons et limes,48956.8
2023-01-01,Citrons et limes,38197.79
1961-01-01,Coings,30.0
1962-01-01,Coings,50.0
1963-01-01,Coings,50.0
1964-01-01,Coings,100.0
1965-01-01,Coings,100.0
1966-01-01,Coings,200.0
1967-01-01,Coings,200.0
1968-01-01,Coings,300.0
1969-01-01,Coings,300.0
1970-01-01,Coings,400.0
1971-01-01,Coings,600.0
1972-01-01,Coings,800.0
1973-01-01,Coings,1000.0
1974-01-01,Coings,1200.0
1975-01-01,Coings,1400.0
1976-01-01,Coings,1600.0
1977-01-01,Coings,1800.0
1978-01-01,Coings,2000.0
1979-01-01,Coings,2500.0
1980-01-01,Coings,3000.0
1981-01-01,Coings,3000.0
1982-01-01,Coings,3000.0
1983-01-01,Coings,5000.0
1984-01-01,Coings,7000.0
1985-01-01,Coings,8000.0
1986-01-01,Coings,8000.0
1987-01-01,Coings,8000.0
1988-01-01,Coings,16000.0
1989-01-01,Coings,17000.0
1990-01-01,Coings,22700.0
1991-01-01,Coings,24500.0
1992-01-01,Coings,24000.0
1993-01-01,Coings,22200.0
1994-01-01,Coings,28000.0
1995-01-01,Coings,20000.0
1996-01-01,Coings,25900.0
1997-01-01,Coings,24500.0
1998-01-01,Coings,29500.0
1999-01-01,Coings,30900.0
2000-01-01,Coings,20100.0
2001-01-01,Coings,24900.0
2002-01-01,Coings,28100.0
2003-01-01,Coings,29900.0
2004-01-01,Coings,39000.0
2005-01-01,Coings,30100.0
2006-01-01,Coings,28000.0
2007-01-01,Coings,35106.0
2008-01-01,Coings,33133.0
2009-01-01,Coings,38714.0
2010-01-01,Coings,36240.0
2011-01-01,Coings,31994.0
2012-01-01,Coings,46000.0
2013-01-01,Coings,46479.55
2014-01-01,Coings,45881.7
2015-01-01,Coings,47678.3
2016-01-01,Coings,32087.2
2017-01-01,Coings,45745.7
2018-01-01,Coings,59443.88
2019-01-01,Coings,39600.7
2020-01-01,Coings,57700.0
2021-01-01,Coings,54641.0
2022-01-01,Coings,50688.5
2023-01-01,Coings,43522.7
1961-01-01,"Concombres, cornichons",1500.0
1962-01-01,"Concombres, cornichons",1500.0
1963-01-01,"Concombres, cornichons",1500.0
1964-01-01,"Concombres, cornichons",1000.0
1965-01-01,"Concombres, cornichons",1000.0
1966-01-01,"Concombres, cornichons",1500.0
1967-01-01,"Concombres, cornichons",1500.0
1968-01-01,"Concombres, cornichons",1500.0
1969-01-01,"Concombres, cornichons",1500.0
1970-01-01,"Concombres, cornichons",1500.0
1971-01-01,"Concombres, cornichons",1500.0
1972-01-01,"Concombres, cornichons",1500.0
1973-01-01,"Concombres, cornichons",1500.0
1974-01-01,"Concombres, cornichons",1500.0
1975-01-01,"Concombres, cornichons",1500.0
1976-01-01,"Concombres, cornichons",1500.0
1977-01-01,"Concombres, cornichons",1500.0
1978-01-01,"Concombres, cornichons",1000.0
1979-01-01,"Concombres, cornichons",1500.0
1980-01-01,"Concombres, cornichons",2000.0
1981-01-01,"Concombres, cornichons",2500.0
1982-01-01,"Concombres, cornichons",3000.0
1983-01-01,"Concombres, cornichons",4000.0
1984-01-01,"Concombres, cornichons",5000.0
1985-01-01,"Concombres, cornichons",6000.0
1986-01-01,"Concombres, cornichons",10000.0
1987-01-01,"Concombres, cornichons",15000.0
1988-01-01,"Concombres, cornichons",17500.0
1989-01-01,"Concombres, cornichons",21800.0
1990-01-01,"Concombres, cornichons",37421.0
1991-01-01,"Concombres, cornichons",30210.0
1992-01-01,"Concombres, cornichons",16165.0
1993-01-01,"Concombres, cornichons",19200.0
1994-01-01,"Concombres, cornichons",26125.0
1995-01-01,"Concombres, cornichons",23340.0
1996-01-01,"Concombres, cornichons",34410.0
1997-01-01,"Concombres, cornichons",29300.0
1998-01-01,"Concombres, cornichons",36215.0
1999-01-01,"Concombres, cornichons",26020.0
2000-01-01,"Concombres, cornichons",23980.0
2001-01-01,"Concombres, cornichons",36320.0
2002-01-01,"Concombres, cornichons",45200.0
2003-01-01,"Concombres, cornichons",46300.0
2004-01-01,"Concombres, cornichons",40945.0
2005-01-01,"Concombres, cornichons",54262.0
2006-01-01,"Concombres, cornichons",69900.0
2007-01-01,"Concombres, cornichons",75330.0
2008-01-01,"Concombres, cornichons",88715.0
2009-01-01,"Concombres, cornichons",34560.0
2010-01-01,"Concombres, cornichons",114628.0
2011-01-01,"Concombres, cornichons",51224.0
2012-01-01,"Concombres, cornichons",55335.0
2013-01-01,"Concombres, cornichons",48246.2
2014-01-01,"Concombres, cornichons",55439.25
2015-01-01,"Concombres, cornichons",55478.5
2016-01-01,"Concombres, cornichons",42383.0
2017-01-01,"Concombres, cornichons",48735.0
2018-01-01,"Concombres, cornichons",47787.0
2019-01-01,"Concombres, cornichons",57448.0
2020-01-01,"Concombres, cornichons",46415.6
2021-01-01,"Concombres, cornichons",59851.0
2022-01-01,"Concombres, cornichons",63155.0
2023-01-01,"Concombres, cornichons",84307.6
1961-01-01,Figues,77000.0
1962-01-01,Figues,66000.0
1963-01-01,Figues,61000.0
1964-01-01,Figues,96000.0
1965-01-01,Figues,79000.0
1966-01-01,Figues,65000.0
1967-01-01,Figues,65000.0
1968-01-01,Figues,65000.0
1969-01-01,Figues,65000.0
1970-01-01,Figues,67000.0
1971-01-01,Figues,67000.0
1972-01-01,Figues,67000.0
1973-01-01,Figues,67000.0
1974-01-01,Figues,67000.0
1975-01-01,Figues,69000.0
1976-01-01,Figues,69300.0
1977-01-01,Figues,68000.0
1978-01-01,Figues,65000.0
1979-01-01,Figues,65000.0
1980-01-01,Figues,65000.0
1981-01-01,Figues,66000.0
1982-01-01,Figues,67000.0
1983-01-01,Figues,67000.0
1984-01-01,Figues,70000.0
1985-01-01,Figues,72000.0
1986-01-01,Figues,66000.0
1987-01-01,Figues,54300.0
1988-01-01,Figues,55500.0
1989-01-01,Figues,56900.0
1990-01-01,Figues,58200.0
1991-01-01,Figues,60000.0
1992-01-01,Figues,45000.0
1993-01-01,Figues,50000.0
1994-01-01,Figues,65000.0
1995-01-01,Figues,67000.0
1996-01-01,Figues,40400.0
1997-01-01,Figues,51200.0
1998-01-01,Figues,55700.0
1999-01-01,Figues,82000.0
2000-01-01,Figues,68400.0
2001-01-01,Figues,75600.0
2002-01-01,Figues,97500.0
2003-01-01,Figues,67000.0
2004-01-01,Figues,60000.0
2005-01-01,Figues,82600.0
2006-01-01,Figues,77000.0
2007-01-01,Figues,61606.0
2008-01-01,Figues,69723.0
2009-01-01,Figues,109200.0
2010-01-01,Figues,109735.0
2011-01-01,Figues,114770.0
2012-01-01,Figues,102694.0
2013-01-01,Figues,112537.36
2014-01-01,Figues,126553.56
2015-01-01,Figues,150110.82
2016-01-01,Figues,59881.15
2017-01-01,Figues,137933.82
2018-01-01,Figues,128380.05
2019-01-01,Figues,153471.57
2020-01-01,Figues,144246.05
2021-01-01,Figues,144153.0
2022-01-01,Figues,109619.8
2023-01-01,Figues,119166.59
1961-01-01,Fraises,0.0
1962-01-01,Fraises,0.0
1963-01-01,Fraises,0.0
1964-01-01,Fraises,0.0
1965-01-01,Fraises,0.0
1966-01-01,Fraises,0.0
1967-01-01,Fraises,0.0
1968-01-01,Fraises,0.0
1969-01-01,Fraises,50.0
1970-01-01,Fraises,50.0
1971-01-01,Fraises,60.0
1972-01-01,Fraises,140.0
1973-01-01,Fraises,350.0
1974-01-01,Fraises,500.0
1975-01-01,Fraises,250.0
1976-01-01,Fraises,150.0
1977-01-01,Fraises,50.0
1978-01-01,Fraises,50.0
1979-01-01,Fraises,50.0
1980-01-01,Fraises,50.0
1981-01-01,Fraises,50.0
1982-01-01,Fraises,70.0
1983-01-01,Fraises,50.0
1984-01-01,Fraises,100.0
1985-01-01,Fraises,200.0
1986-01-01,Fraises,600.0
1987-01-01,Fraises,800.0
1988-01-01,Fraises,1000.0
1989-01-01,Fraises,1400.0
1990-01-01,Fraises,1000.0
1991-01-01,Fraises,1900.0
1992-01-01,Fraises,3000.0
1993-01-01,Fraises,6000.0
1994-01-01,Fraises,8000.0
1995-01-01,Fraises,10000.0
1996-01-01,Fraises,20000.0
1997-01-01,Fraises,30000.0
1998-01-01,Fraises,40000.0
1999-01-01,Fraises,58200.0
2000-01-01,Fraises,105000.0
2001-01-01,Fraises,90000.0
2002-01-01,Fraises,70000.0
2003-01-01,Fraises,90500.0
2004-01-01,Fraises,106100.0
2005-01-01,Fraises,118600.0
2006-01-01,Fraises,112000.0
2007-01-01,Fraises,120000.0
2008-01-01,Fraises,130000.0
2009-01-01,Fraises,355020.0
2010-01-01,Fraises,140600.0
2011-01-01,Fraises,110716.0
2012-01-01,Fraises,139683.0
2013-01-01,Fraises,145233.0
2014-01-01,Fraises,137388.0
2015-01-01,Fraises,141100.36
2016-01-01,Fraises,136856.0
2017-01-01,Fraises,161793.4
2018-01-01,Fraises,143440.0
2019-01-01,Fraises,167827.0
2020-01-01,Fraises,166955.0
2021-01-01,Fraises,141075.0
2022-01-01,Fraises,132296.55
2023-01-01,Fraises,137275.0
1989-01-01,Haricots verts,4000.0
1990-01-01,Haricots verts,6000.0
1991-01-01,Haricots verts,8000.0
1992-01-01,Haricots verts,10000.0
1993-01-01,Haricots verts,14000.0
1994-01-01,Haricots verts,17000.0
1995-01-01,Haricots verts,20000.0
1996-01-01,Haricots verts,22000.0
1997-01-01,Haricots verts,25000.0
1998-01-01,Haricots verts,27000.0
1999-01-01,Haricots verts,35000.0
2000-01-01,Haricots verts,37000.0
2001-01-01,Haricots verts,40000.0
2002-01-01,Haricots verts,52600.0
2003-01-01,Haricots verts,90000.0
2004-01-01,Haricots verts,100000.0
2005-01-01,Haricots verts,110000.0
2006-01-01,Haricots verts,220000.0
2007-01-01,Haricots verts,186985.0
2008-01-01,Haricots verts,182180.0
2009-01-01,Haricots verts,190000.0
2010-01-01,Haricots verts,214031.0
2011-01-01,Haricots verts,120612.0
2012-01-01,Haricots verts,133744.0
2013-01-01,Haricots verts,154663.0
2014-01-01,Haricots verts,148110.0
2015-01-01,Haricots verts,145661.2
2016-01-01,Haricots verts,141629.0
2017-01-01,Haricots verts,169067.0
2018-01-01,Haricots verts,156016.5
2019-01-01,Haricots verts,119926.6
2020-01-01,Haricots verts,109432.5
2021-01-01,Haricots verts,127520.0
2022-01-01,Haricots verts,199642.0
2023-01-01,Haricots verts,197570.0
1961-01-01,Maïs,130000.0
1962-01-01,Maïs,420000.0
1963-01-01,Maïs,480000.0
1964-01-01,Maïs,400000.0
1965-01-01,Maïs,330000.0
1966-01-01,Maïs,218500.0
1967-01-01,Maïs,356500.0
1968-01-01,Maïs,380000.0
1969-01-01,Maïs,430000.0
1970-01-01,Maïs,319600.0
1971-01-01,Maïs,389900.0
1972-01-01,Maïs,367580.0
1973-01-01,Maïs,217300.0
1974-01-01,Maïs,389000.0
1975-01-01,Maïs,370700.0
1976-01-01,Maïs,492500.0
1977-01-01,Maïs,184270.0
1978-01-01,Maïs,390360.0
1979-01-01,Maïs,311620.0
1980-01-01,Maïs,332700.0
1981-01-01,Maïs,90000.0
1982-01-01,Maïs,246890.0
1983-01-01,Maïs,258360.0
1984-01-01,Maïs,263960.0
1985-01-01,Maïs,321000.0
1986-01-01,Maïs,306760.0
1987-01-01,Maïs,240000.0
1988-01-01,Maïs,357990.0
1989-01-01,Maïs,402840.0
1990-01-01,Maïs,435620.0
1991-01-01,Maïs,335040.0
1992-01-01,Maïs,215600.0
1993-01-01,Maïs,92320.0
1994-01-01,Maïs,202610.0
1995-01-01,Maïs,50490.0
1996-01-01,Maïs,235090.0
1997-01-01,Maïs,374460.0
1998-01-01,Maïs,200500.0
1999-01-01,Maïs,136380.0
2000-01-01,Maïs,95000.0
2001-01-01,Maïs,53560.0
2002-01-01,Maïs,198880.0
2003-01-01,Maïs,138580.0
2004-01-01,Maïs,224130.0
2005-01-01,Maïs,50120.0
2006-01-01,Maïs,297380.0
2007-01-01,Maïs,94860.0
2008-01-01,Maïs,120950.0
2009-01-01,Maïs,204520.0
2010-01-01,Maïs,279150.0
2011-01-01,Maïs,221298.0
2012-01-01,Maïs,90221.0
2013-01-01,Maïs,118135.85
2014-01-01,Maïs,97378.9
2015-01-01,Maïs,95031.65
2016-01-01,Maïs,128762.7
2017-01-01,Maïs,122398.73
2018-01-01,Maïs,118392.0
2019-01-01,Maïs,40490.8
2020-01-01,Maïs,29887.8
2021-01-01,Maïs,48637.3
2022-01-01,Maïs,35783.2
2023-01-01,Maïs,60093.9
1961-01-01,Miel naturel,2000.0
1962-01-01,Miel naturel,2000.0
1963-01-01,Miel naturel,2000.0
1964-01-01,Miel naturel,2000.0
1965-01-01,Miel naturel,1500.0
1966-01-01,Miel naturel,650.0
1967-01-01,Miel naturel,1000.0
1968-01-01,Miel naturel,1200.0
1969-01-01,Miel naturel,1300.0
1970-01-01,Miel naturel,2250.0
1971-01-01,Miel naturel,2660.0
1972-01-01,Miel naturel,7000.0
1973-01-01,Miel naturel,3550.0
1974-01-01,Miel naturel,2430.0
1975-01-01,Miel naturel,1000.0
1976-01-01,Miel naturel,1170.0
1977-01-01,Miel naturel,1950.0
1978-01-01,Miel naturel,4600.0
1979-01-01,Miel naturel,4600.0
1980-01-01,Miel naturel,6300.0
1981-01-01,Miel naturel,2700.0
1982-01-01,Miel naturel,2700.0
1983-01-01,Miel naturel,2800.0
1984-01-01,Miel naturel,2800.0
1985-01-01,Miel naturel,3100.0
1986-01-01,Miel naturel,3100.0
1987-01-01,Miel naturel,3100.0
1988-01-01,Miel naturel,3140.0
1989-01-01,Miel naturel,3160.0
1990-01-01,Miel naturel,2885.0
1991-01-01,Miel naturel,2885.0
1992-01-01,Miel naturel,3000.0
1993-01-01,Miel naturel,2700.0
1994-01-01,Miel naturel,2700.0
1995-01-01,Miel naturel,2200.0
1996-01-01,Miel naturel,3500.0
1997-01-01,Miel naturel,3500.0
1998-01-01,Miel naturel,2500.0
1999-01-01,Miel naturel,2500.0
2000-01-01,Miel naturel,2500.0
2001-01-01,Miel naturel,2500.0
2002-01-01,Miel naturel,2500.0
2003-01-01,Miel naturel,2900.0
2004-01-01,Miel naturel,2400.0
2005-01-01,Miel naturel,3000.0
2006-01-01,Miel naturel,3500.0
2007-01-01,Miel naturel,3000.0
2008-01-01,Miel naturel,3500.0
2009-01-01,Miel naturel,3000.0
2010-01-01,Miel naturel,3500.0
2011-01-01,Miel naturel,3500.0
2012-01-01,Miel naturel,3500.0
2013-01-01,Miel naturel,3500.0
2014-01-01,Miel naturel,3800.0
2015-01-01,Miel naturel,3900.0
2016-01-01,Miel naturel,4800.0
2017-01-01,Miel naturel,6000.0
2018-01-01,Miel naturel,7430.0
2019-01-01,Miel naturel,7960.0
2020-01-01,Miel naturel,8000.0
2021-01-01,Miel naturel,7300.0
2022-01-01,Miel naturel,7500.0
2023-01-01,Miel naturel,8000.0
1961-01-01,Pommes,4000.0
1962-01-01,Pommes,3000.0
1963-01-01,Pommes,8000.0
1964-01-01,Pommes,17199.0
1965-01-01,Pommes,14654.0
1966-01-01,Pommes,13855.0
1967-01-01,Pommes,10000.0
1968-01-01,Pommes,14000.0
1969-01-01,Pommes,14000.0
1970-01-01,Pommes,14000.0
1971-01-01,Pommes,14000.0
1972-01-01,Pommes,18000.0
1973-01-01,Pommes,20000.0
1974-01-01,Pommes,23000.0
1975-01-01,Pommes,25000.0
1976-01-01,Pommes,30000.0
1977-01-01,Pommes,40000.0
1978-01-01,Pommes,50000.0
1979-01-01,Pommes,60000.0
1980-01-01,Pommes,70000.0
1981-01-01,Pommes,80000.0
1982-01-01,Pommes,100000.0
1983-01-01,Pommes,100000.0
1984-01-01,Pommes,100000.0
1985-01-01,Pommes,120000.0
1986-01-01,Pommes,120000.0
1987-01-01,Pommes,150000.0
1988-01-01,Pommes,236000.0
1989-01-01,Pommes,295000.0
1990-01-01,Pommes,221000.0
1991-01-01,Pommes,248800.0
1992-01-01,Pommes,278000.0
1993-01-01,Pommes,424000.0
1994-01-01,Pommes,270000.0
1995-01-01,Pommes,309800.0
1996-01-01,Pommes,343200.0
1997-01-01,Pommes,384000.0
1998-01-01,Pommes,284800.0
1999-01-01,Pommes,303100.0
2000-01-01,Pommes,300005.0
2001-01-01,Pommes,227800.0
2002-01-01,Pommes,372500.0
2003-01-01,Pommes,275200.0
2004-01-01,Pommes,396400.0
2005-01-01,Pommes,308500.0
2006-01-01,Pommes,374000.0
2007-01-01,Pommes,426816.0
2008-01-01,Pommes,404310.0
2009-01-01,Pommes,422572.0
2010-01-01,Pommes,444861.0
2011-01-01,Pommes,512407.0
2012-01-01,Pommes,485642.0
2013-01-01,Pommes,583230.43
2014-01-01,Pommes,536198.82
2015-01-01,Pommes,674153.31
2016-01-01,Pommes,406379.08
2017-01-01,Pommes,820547.11
2018-01-01,Pommes,696949.51
2019-01-01,Pommes,809761.81
2020-01-01,Pommes,778866.45
2021-01-01,Pommes,889736.0
2022-01-01,Pommes,922820.04
2023-01-01,Pommes,860348.52
1961-01-01,Tabacs bruts ou non fabriqués,1800.0
1962-01-01,Tabacs bruts ou non fabriqués,2110.0
1963-01-01,Tabacs bruts ou non fabriqués,841.0
1964-01-01,Tabacs bruts ou non fabriqués,2252.0
1965-01-01,Tabacs bruts ou non fabriqués,2316.0
1966-01-01,Tabacs bruts ou non fabriqués,1697.0
1967-01-01,Tabacs bruts ou non fabriqués,1797.0
1968-01-01,Tabacs bruts ou non fabriqués,1498.0
1969-01-01,Tabacs bruts ou non fabriqués,1333.0
1970-01-01,Tabacs bruts ou non fabriqués,3607.0
1971-01-01,Tabacs bruts ou non fabriqués,3100.0
1972-01-01,Tabacs bruts ou non fabriqués,3300.0
1973-01-01,Tabacs bruts ou non fabriqués,3515.0
1974-01-01,Tabacs bruts ou non fabriqués,4280.0
1975-01-01,Tabacs bruts ou non fabriqués,5330.0
1976-01-01,Tabacs bruts ou non fabriqués,5617.0
1977-01-01,Tabacs bruts ou non fabriqués,4840.0
1978-01-01,Tabacs bruts ou non fabriqués,5577.0
1979-01-01,Tabacs bruts ou non fabriqués,7117.0
1980-01-01,Tabacs bruts ou non fabriqués,7670.0
1981-01-01,Tabacs bruts ou non fabriqués,6350.0
1982-01-01,Tabacs bruts ou non fabriqués,9600.0
1983-01-01,Tabacs bruts ou non fabriqués,9500.0
1984-01-01,Tabacs bruts ou non fabriqués,9400.0
1985-01-01,Tabacs bruts ou non fabriqués,9300.0
1986-01-01,Tabacs bruts ou non fabriqués,4000.0
1987-01-01,Tabacs bruts ou non fabriqués,5000.0
1988-01-01,Tabacs bruts ou non fabriqués,6000.0
1989-01-01,Tabacs bruts ou non fabriqués,6551.0
1990-01-01,Tabacs bruts ou non fabriqués,7288.0
1991-01-01,Tabacs bruts ou non fabriqués,7000.0
1992-01-01,Tabacs bruts ou non fabriqués,3746.0
1993-01-01,Tabacs bruts ou non fabriqués,4238.0
1994-01-01,Tabacs bruts ou non fabriqués,3546.0
1995-01-01,Tabacs bruts ou non fabriqués,3962.0
1996-01-01,Tabacs bruts ou non fabriqués,6080.0
1997-01-01,Tabacs bruts ou non fabriqués,9105.0
1998-01-01,Tabacs bruts ou non fabriqués,11070.0
1999-01-01,Tabacs bruts ou non fabriqués,3500.0
2000-01-01,Tabacs bruts ou non fabriqués,5333.0
2001-01-01,Tabacs bruts ou non fabriqués,6475.0
2002-01-01,Tabacs bruts ou non fabriqués,6500.0
2003-01-01,Tabacs bruts ou non fabriqués,4035.0
2004-01-01,Tabacs bruts ou non fabriqués,2467.0
2005-01-01,Tabacs bruts ou non fabriqués,1888.0
2006-01-01,Tabacs bruts ou non fabriqués,2000.0
2007-01-01,Tabacs bruts ou non fabriqués,1890.0
2008-01-01,Tabacs bruts ou non fabriqués,1890.0
2009-01-01,Tabacs bruts ou non fabriqués,2000.0
2010-01-01,Tabacs bruts ou non fabriqués,2062.74
2011-01-01,Tabacs bruts ou non fabriqués,1714.07
2012-01-01,Tabacs bruts ou non fabriqués,1459.88
2013-01-01,Tabacs bruts ou non fabriqués,1363.25
2014-01-01,Tabacs bruts ou non fabriqués,1349.28
2015-01-01,Tabacs bruts ou non fabriqués,1235.69
2016-01-01,Tabacs bruts ou non fabriqués,1316.07
2017-01-01,Tabacs bruts ou non fabriqués,1300.35
2018-01-01,Tabacs bruts ou non fabriqués,1236.14
2019-01-01,Tabacs bruts ou non fabriqués,1284.19
2020-01-01,Tabacs bruts ou non fabriqués,1273.56
2021-01-01,Tabacs bruts ou non fabriqués,1264.63
2022-01-01,Tabacs bruts ou non fabriqués,1274.12
2023-01-01,Tabacs bruts ou non fabriqués,1270.77
1961-01-01,Vin,223200.0
1962-01-01,Vin,189600.0
1963-01-01,Vin,257900.0
1964-01-01,Vin,245862.0
1965-01-01,Vin,344878.0
1966-01-01,Vin,211000.0
1967-01-01,Vin,136880.0
1968-01-01,Vin,175000.0
1969-01-01,Vin,70000.0
1970-01-01,Vin,125260.0
1971-01-01,Vin,115000.0
1972-01-01,Vin,114618.0
1973-01-01,Vin,126000.0
1974-01-01,Vin,127000.0
1975-01-01,Vin,100000.0
1976-01-01,Vin,77000.0
1977-01-01,Vin,81000.0
1978-01-01,Vin,55000.0
1979-01-01,Vin,110000.0
1980-01-01,Vin,91000.0
1981-01-01,Vin,84000.0
1982-01-01,Vin,35000.0
1983-01-01,Vin,42000.0
1984-01-01,Vin,35000.0
1985-01-01,Vin,37000.0
1986-01-01,Vin,45400.0
1987-01-01,Vin,45400.0
1988-01-01,Vin,35400.0
1989-01-01,Vin,50210.0
1990-01-01,Vin,30070.0
1991-01-01,Vin,38950.0
1992-01-01,Vin,43480.0
1993-01-01,Vin,33200.0
1994-01-01,Vin,27860.0
1995-01-01,Vin,17250.0
1996-01-01,Vin,28450.0
1997-01-01,Vin,37610.0
1998-01-01,Vin,29740.0
1999-01-01,Vin,49337.0
2000-01-01,Vin,29900.0
2001-01-01,Vin,27627.0
2002-01-01,Vin,33066.0
2003-01-01,Vin,34293.0
2004-01-01,Vin,35000.0
2005-01-01,Vin,37560.0
2006-01-01,Vin,36159.0
2007-01-01,Vin,37000.0
2008-01-01,Vin,35000.0
2009-01-01,Vin,29498.0
2010-01-01,Vin,33695.41
2011-01-01,Vin,34000.0
2012-01-01,Vin,34500.0
2013-01-01,Vin,37000.0
2014-01-01,Vin,32707.87
2015-01-01,Vin,38619.36
2016-01-01,Vin,32530.42
2017-01-01,Vin,34411.05
2018-01-01,Vin,40808.03
2019-01-01,Vin,47376.9
2020-01-01,Vin,40919.89
2021-01-01,Vin,43083.1
2022-01-01,Vin,32612.64
